user_card_id,email,segmento,recomendaciones
100352,cliente100352@email.com,personalizado,"GALLETAS MARIA 800G, TOMATE FRITO 400G, HARINA TRIGO 1KG, ARROZ REDONDO 1KG, PASTA ESPAGUETI 500G"
102402,cliente102402@email.com,personalizado,"EMPANADA ATUN, CROQUETAS JAMON 500G, TORTILLA PATATA REFRIGERADA, PIZZA CONGELADA 4 ESTACIONES, AGUA MINERAL PACK 6"
102403,cliente102403@email.com,personalizado,"PLATANO KG, GAMBA FRESCA KG, CEREALES DESAYUNO 500G, MERLUZA FILETE KG, FILETE TERNERA KG"
102404,cliente102404@email.com,personalizado,"CERVEZA ARTESANA 33CL, ACEITUNAS RELLENAS 350G, PATATAS FRITAS BOLSA 150G, REFRESCO LIMON 2L, REFRESCO NARANJA 2L"
100358,cliente100358@email.com,personalizado,"FRUTOS SECOS MIX 200G, CHOCOLATE TABLETA 100G, HELADO CHOCOLATE 1L, AGUA MINERAL PACK 6, MARISCO CONGELADO 500G"
102407,cliente102407@email.com,personalizado,"PLATANO KG, HARINA TRIGO 1KG, ARROZ REDONDO 1KG, SEMILLAS CHIA 250G, GAMBA FRESCA KG"
102408,cliente102408@email.com,personalizado,"PAÑALES T5 PACK 40, CEBOLLA KG, LECHUGA ICEBERG UD, LECHE INFANTIL CONTINUACION, MANZANA GOLDEN KG"
100363,cliente100363@email.com,personalizado,"CEBOLLA KG, PATATA KG, AZUCAR BLANCO 1KG, TOMATE RAMA KG, HARINA TRIGO 1KG"
102412,cliente102412@email.com,personalizado,"REFRESCO COLA 2L, PAN BARRA RUSTICA, TOMATE RAMA KG, ARROZ REDONDO 1KG, MANZANA GOLDEN KG"
100365,cliente100365@email.com,personalizado,"AGUA MINERAL PACK 6, ARROZ REDONDO 1KG, MANZANA GOLDEN KG, LECHUGA ICEBERG UD, QUESO CURADO CUÑA 250G"
102414,cliente102414@email.com,personalizado,"HARINA TRIGO 1KG, PLATANO KG, GALLETAS MARIA 800G, MANZANA GOLDEN KG, LECHUGA ICEBERG UD"
102416,cliente102416@email.com,personalizado,"AGUA MINERAL PACK 6, YOGUR GRIEGO PACK 4, QUESO CURADO CUÑA 250G, LECHE SEMIDESNATADA 1L, CEREALES DESAYUNO 500G"
102417,cliente102417@email.com,personalizado,"ARROZ REDONDO 1KG, HARINA TRIGO 1KG, QUESO RALLADO 200G, TOMATE RAMA KG, PAN BARRA RUSTICA"
102418,cliente102418@email.com,personalizado,"CACAO SOLUBLE 800G, PECHUGA POLLO BANDEJA, FILETE TERNERA KG, ACEITE OLIVA VIRGEN 1L, ZANAHORIA KG"
100372,cliente100372@email.com,personalizado,"GALLETAS MARIA 800G, PASTA ESPAGUETI 500G, HARINA TRIGO 1KG, ARROZ REDONDO 1KG, PLATANO KG"
100373,cliente100373@email.com,personalizado,"CERVEZA ARTESANA 33CL, REFRESCO LIMON 2L, HELADO CHOCOLATE 1L, ZUMO NARANJA 1L, EMPANADA ATUN"
102422,cliente102422@email.com,personalizado,"PATATA KG, ARROZ REDONDO 1KG, MANZANA GOLDEN KG, LECHUGA ICEBERG UD, PAN BARRA RUSTICA"
100374,cliente100374@email.com,personalizado,"PASTA ESPAGUETI 500G, PATATA KG, QUESO LONCHAS 200G, MANZANA GOLDEN KG, PAN BARRA RUSTICA"
102424,cliente102424@email.com,personalizado,"COMIDA GATO LATA PACK 6, MANZANA GOLDEN KG, TOMATE RAMA KG, PAN BARRA RUSTICA, REFRESCO COLA 2L"
102423,cliente102423@email.com,personalizado,"PAÑALES T5 PACK 40, LECHE ENTERA BRIK 1L, NATA COCINA 200ML, LECHE SEMIDESNATADA 1L, PAN BARRA RUSTICA"
102431,cliente102431@email.com,personalizado,"QUESO LONCHAS 200G, NATA COCINA 200ML, LECHUGA ICEBERG UD, CEBOLLA KG, YOGUR NATURAL PACK 4"
100384,cliente100384@email.com,personalizado,"PAN BARRA RUSTICA, CEBOLLA KG, PATATA KG, VINO BLANCO VERDEJO, PASTA ESPAGUETI 500G"
102432,cliente102432@email.com,personalizado,"PLATANO KG, MANZANA GOLDEN KG, ARROZ REDONDO 1KG, FILETE TERNERA KG, LECHE SEMIDESNATADA 1L"
102434,cliente102434@email.com,personalizado,"CAFE MOLIDO 250G, GALLETAS MARIA 800G, CEBOLLA KG, PIENSO GATO 2KG, CHAMPU MASCOTAS 250ML"
100387,cliente100387@email.com,personalizado,"QUESO CURADO CUÑA 250G, MANTEQUILLA 250G, CERVEZA PACK 6, PECHUGA POLLO BANDEJA, ARROZ REDONDO 1KG"
102436,cliente102436@email.com,personalizado,"LECHUGA ICEBERG UD, TOMATE RAMA KG, ARROZ REDONDO 1KG, QUESO LONCHAS 200G, CEBOLLA KG"
102437,cliente102437@email.com,personalizado,"LECHUGA ICEBERG UD, MAQUINILLA AFEITAR PACK 4, NATA COCINA 200ML, DESODORANTE SPRAY 200ML, COLONIA 100ML"
100386,cliente100386@email.com,personalizado,"AZUCAR BLANCO 1KG, CAFE MOLIDO 250G, GALLETAS MARIA 800G, PAPEL HIGIENICO PACK 12, SUAVIZANTE CONCENTRADO 1.5L"
102438,cliente102438@email.com,personalizado,"QUESO CURADO CUÑA 250G, MANTEQUILLA 250G, LECHE SEMIDESNATADA 1L, YOGUR NATURAL PACK 4, HUEVOS DOCENA M"
102440,cliente102440@email.com,personalizado,"HUEVOS DOCENA M, MAQUINILLA AFEITAR PACK 4, PAÑALES T4 PACK 44, QUESO RALLADO 200G, MANZANA GOLDEN KG"
100392,cliente100392@email.com,personalizado,"PASTA ESPAGUETI 500G, TOMATE RAMA KG, SNACKS PERRO 200G, PAN BARRA RUSTICA, QUESO LONCHAS 200G"
100391,cliente100391@email.com,personalizado,"ARROZ REDONDO 1KG, FILM TRANSPARENTE 30M, PAPEL ALUMINIO 30M, INSECTICIDA SPRAY, PASTILLAS LAVAVAJILLAS 40UD"
100395,cliente100395@email.com,personalizado,"HARINA TRIGO 1KG, CEBOLLA KG, PLATANO KG, CEREALES DESAYUNO 500G, MANZANA GOLDEN KG"
100396,cliente100396@email.com,personalizado,"AZUCAR BLANCO 1KG, HARINA TRIGO 1KG, CEREALES DESAYUNO 500G, PECHUGA POLLO BANDEJA, GAMBA FRESCA KG"
102439,cliente102439@email.com,personalizado,"ARROZ REDONDO 1KG, PASTA ESPAGUETI 500G, CEBOLLA KG, LECHUGA ICEBERG UD, PLATANO KG"
102446,cliente102446@email.com,personalizado,"GEL INTIMO 250ML, INSECTICIDA SPRAY, LAVAVAJILLAS MANO 750ML, CREMA HIDRATANTE 200ML, LEJIA 2L"
102451,cliente102451@email.com,personalizado,"REFRESCO COLA 2L, LECHE ENTERA BRIK 1L, TOMATE RAMA KG, QUESO LONCHAS 200G, PLATANO KG"
100405,cliente100405@email.com,personalizado,"LEJIA 2L, BOLSAS BASURA 30L, AMBIENTADOR HOGAR, ESPUMA AFEITAR 200ML, MAQUINILLA AFEITAR PACK 4"
100406,cliente100406@email.com,personalizado,"HARINA TRIGO 1KG, CEBOLLA KG, TOMATE RAMA KG, MANZANA GOLDEN KG, LECHE SEMIDESNATADA 1L"
100407,cliente100407@email.com,personalizado,"ARROZ REDONDO 1KG, TOMATE RAMA KG, CACAO SOLUBLE 800G, REFRESCO COLA 2L, ACEITE OLIVA VIRGEN 1L"
102457,cliente102457@email.com,personalizado,"CREMA HIDRATANTE 200ML, ESPUMA AFEITAR 200ML, SUAVIZANTE CONCENTRADO 1.5L, LEJIA 2L, COLONIA 100ML"
100410,cliente100410@email.com,personalizado,"MERMELADA FRESA 350G, TOMATE FRITO 400G, GALLETAS MARIA 800G, HARINA TRIGO 1KG, ARROZ REDONDO 1KG"
102459,cliente102459@email.com,personalizado,"CAFE MOLIDO 250G, PIENSO GATO 2KG, GALLETAS MARIA 800G, LECHE ENTERA BRIK 1L, SNACKS PERRO 200G"
102461,cliente102461@email.com,personalizado,"LIMPIACRISTALES 750ML, ARROZ REDONDO 1KG, SERVILLETAS PACK 100, PASTA DENTIFRICA 75ML, GEL DUCHA 750ML"
102462,cliente102462@email.com,personalizado,"QUESO CURADO CUÑA 250G, CARNE PICADA MIXTA 500G, CEBOLLA KG, PATATA KG, PASTA ESPAGUETI 500G"
100415,cliente100415@email.com,personalizado,"TOMATE FRITO 400G, PATATA KG, QUESO LONCHAS 200G, GALLETAS MARIA 800G, TOMATE RAMA KG"
100416,cliente100416@email.com,personalizado,"PAÑALES T4 PACK 44, LECHE SEMIDESNATADA 1L, TOMATE FRITO 400G, QUESO RALLADO 200G, TOMATE RAMA KG"
100417,cliente100417@email.com,personalizado,"PATATA KG, PASTA ESPAGUETI 500G, LECHE ENTERA BRIK 1L, TOMATE FRITO 400G, MANZANA GOLDEN KG"
100418,cliente100418@email.com,personalizado,"MARISCO CONGELADO 500G, AGUA CON GAS 1L, POLLO ASADO ENTERO, CHOCOLATE TABLETA 100G, TORTILLA PATATA REFRIGERADA"
102465,cliente102465@email.com,personalizado,"LECHE ENTERA BRIK 1L, VINO BLANCO VERDEJO, AGUA MINERAL PACK 6, PASTA ESPAGUETI 500G, PATATA KG"
100420,cliente100420@email.com,personalizado,"LECHE SEMIDESNATADA 1L, GAMBA FRESCA KG, MERLUZA FILETE KG, ZANAHORIA KG, PECHUGA POLLO BANDEJA"
102469,cliente102469@email.com,personalizado,"VINO BLANCO VERDEJO, QUESO RALLADO 200G, AGUA MINERAL PACK 6, ATUN CLARO PACK 3, YOGUR GRIEGO PACK 4"
100422,cliente100422@email.com,personalizado,"MANZANA GOLDEN KG, TOMATE RAMA KG, PAN BARRA RUSTICA, QUESO LONCHAS 200G, PECHUGA POLLO BANDEJA"
100423,cliente100423@email.com,personalizado,"CERVEZA PACK 6, ACEITUNAS RELLENAS 350G, PATATAS FRITAS BOLSA 150G, PECHUGA POLLO BANDEJA, NACHOS 200G"
100426,cliente100426@email.com,personalizado,"PLATANO KG, GAMBA FRESCA KG, MERLUZA FILETE KG, FILETE TERNERA KG, ZANAHORIA KG"
102475,cliente102475@email.com,personalizado,"HARINA TRIGO 1KG, CREMA HIDRATANTE 200ML, TOMATE FRITO 400G, PASTA DENTIFRICA 75ML, GEL DUCHA 750ML"
100429,cliente100429@email.com,personalizado,"CHUPETE PACK 2, POTITO FRUTA VARIADA, LECHE INFANTIL CONTINUACION, CREMA PAÑAL 100ML, LECHE ENTERA BRIK 1L"
102479,cliente102479@email.com,personalizado,"LECHE SEMIDESNATADA 1L, CEREALES DESAYUNO 500G, QUESO RALLADO 200G, NARANJA KG, GAMBA FRESCA KG"
100432,cliente100432@email.com,personalizado,"GAMBA FRESCA KG, HARINA TRIGO 1KG, PECHUGA POLLO BANDEJA, SALMON FRESCO KG, NARANJA KG"
100431,cliente100431@email.com,personalizado,"GALLETAS MARIA 800G, CEREALES DESAYUNO 500G, TE VERDE 25 BOLSAS, TOMATE FRITO 400G, CALDO POLLO PACK"
102484,cliente102484@email.com,personalizado,"REFRESCO LIMON 2L, ZUMO NARANJA 1L, FRUTOS SECOS MIX 200G, TORTILLA PATATA REFRIGERADA, MARISCO CONGELADO 500G"
100437,cliente100437@email.com,personalizado,"FRUTOS SECOS MIX 200G, POLLO ASADO ENTERO, CHOCOLATE TABLETA 100G, BEBIDA ENERGETICA 50CL, EMPANADA ATUN"
102487,cliente102487@email.com,personalizado,"QUESO CURADO CUÑA 250G, MANTEQUILLA 250G, PAN BARRA RUSTICA, GEL INTIMO 250ML, MAQUINILLA AFEITAR PACK 4"
100443,cliente100443@email.com,personalizado,"CREMA PAÑAL 100ML, HUEVOS DOCENA M, MANTEQUILLA 250G, CARNE PICADA MIXTA 500G, CEBOLLA KG"
102492,cliente102492@email.com,personalizado,"LECHE ENTERA BRIK 1L, ARROZ REDONDO 1KG, PASTA ESPAGUETI 500G, PATATA KG, MANZANA GOLDEN KG"
102493,cliente102493@email.com,personalizado,"CEBOLLA KG, TOMATE RAMA KG, PAN BARRA RUSTICA, LECHUGA ICEBERG UD, QUESO LONCHAS 200G"
100444,cliente100444@email.com,personalizado,"PATATAS FRITAS BOLSA 150G, TONICA PACK 4, BEBIDA ENERGETICA 50CL, GALLETAS CHOCOLATE 300G, WRAP POLLO PACK 2"
102495,cliente102495@email.com,personalizado,"YOGUR GRIEGO PACK 4, HUEVOS DOCENA M, CREMA PAÑAL 100ML, PATATA KG, PAÑALES T4 PACK 44"
102496,cliente102496@email.com,personalizado,"HARINA TRIGO 1KG, CAFE MOLIDO 250G, ARROZ REDONDO 1KG, FILM TRANSPARENTE 30M, PAPEL HIGIENICO PACK 12"
100445,cliente100445@email.com,personalizado,"QUESO LONCHAS 200G, TOMATE FRITO 400G, CREMA HIDRATANTE 200ML, MANZANA GOLDEN KG, TOMATE RAMA KG"
102498,cliente102498@email.com,personalizado,"CEBOLLA KG, PASTA ESPAGUETI 500G, PAN BARRA RUSTICA, VINO BLANCO VERDEJO, AGUA MINERAL PACK 6"
102499,cliente102499@email.com,personalizado,"PATATAS FRITAS BOLSA 150G, NACHOS 200G, HELADO CHOCOLATE 1L, REFRESCO LIMON 2L, CHOCOLATE TABLETA 100G"
100452,cliente100452@email.com,personalizado,"PAN BARRA RUSTICA, PLATANO KG, LECHE SEMIDESNATADA 1L, HARINA TRIGO 1KG, QUESO RALLADO 200G"
100453,cliente100453@email.com,personalizado,"FILM TRANSPARENTE 30M, GALLETAS MARIA 800G, VELAS AROMATICAS PACK 3, INSECTICIDA SPRAY, GEL INTIMO 250ML"
100451,cliente100451@email.com,personalizado,"PAÑALES T4 PACK 44, NATA COCINA 200ML, ESPUMA AFEITAR 200ML, DESODORANTE SPRAY 200ML, HUEVOS DOCENA M"
100460,cliente100460@email.com,personalizado,"CREMA PAÑAL 100ML, PATATA KG, MANZANA GOLDEN KG, TOMATE RAMA KG, MANTEQUILLA 250G"
100462,cliente100462@email.com,personalizado,"PLATANO KG, PECHUGA POLLO BANDEJA, ZANAHORIA KG, QUESO RALLADO 200G, NARANJA KG"
100463,cliente100463@email.com,personalizado,"YOGUR GRIEGO PACK 4, MANTEQUILLA 250G, HUEVOS DOCENA M, MANZANA GOLDEN KG, MERLUZA FILETE KG"
100467,cliente100467@email.com,personalizado,"HUEVOS DOCENA M, MANZANA GOLDEN KG, COLONIA 100ML, PAN BARRA RUSTICA, GAMBA FRESCA KG"
100471,cliente100471@email.com,personalizado,"PASTA ESPAGUETI 500G, TOMATE FRITO 400G, QUINOA 500G, HARINA TRIGO 1KG, ARROZ REDONDO 1KG"
100472,cliente100472@email.com,personalizado,"PLATANO KG, QUESO LONCHAS 200G, PECHUGA POLLO BANDEJA, QUESO RALLADO 200G, FILETE TERNERA KG"
100473,cliente100473@email.com,personalizado,"QUESO LONCHAS 200G, LECHUGA ICEBERG UD, PAÑALES T4 PACK 44, MANZANA GOLDEN KG, NATA COCINA 200ML"
100474,cliente100474@email.com,personalizado,"GEL INTIMO 250ML, CREMA HIDRATANTE 200ML, PAÑALES T5 PACK 40, MAQUINILLA AFEITAR PACK 4, MERMELADA FRESA 350G"
100481,cliente100481@email.com,personalizado,"LECHE SEMIDESNATADA 1L, ZANAHORIA KG, ATUN CLARO PACK 3, MANTEQUILLA 250G, CACAO SOLUBLE 800G"
100483,cliente100483@email.com,personalizado,"TOMATE FRITO 400G, CEBOLLA KG, HARINA TRIGO 1KG, PLATANO KG, PECHUGA POLLO BANDEJA"
100484,cliente100484@email.com,personalizado,"ARENA GATO 5L, PLATANO KG, TE VERDE 25 BOLSAS, LECHUGA ICEBERG UD, FRIEGASUELOS 1.5L"
100485,cliente100485@email.com,personalizado,"HARINA TRIGO 1KG, PATATA KG, ARROZ REDONDO 1KG, MANZANA GOLDEN KG, TOMATE RAMA KG"
100488,cliente100488@email.com,personalizado,"AGUA MINERAL PACK 6, EMPANADA ATUN, GALLETAS CHOCOLATE 300G, CERVEZA ARTESANA 33CL, PIZZA CONGELADA 4 ESTACIONES"
100489,cliente100489@email.com,personalizado,"SEMILLAS CHIA 250G, PECHUGA POLLO BANDEJA, FILETE TERNERA KG, MERLUZA FILETE KG, ZANAHORIA KG"
100490,cliente100490@email.com,personalizado,"HARINA TRIGO 1KG, MANZANA GOLDEN KG, LECHUGA ICEBERG UD, PASTA ESPAGUETI 500G, TOMATE FRITO 400G"
100492,cliente100492@email.com,personalizado,"LECHE ENTERA BRIK 1L, PAN BARRA RUSTICA, CAFE MOLIDO 250G, GALLETAS MARIA 800G, PATATA KG"
100493,cliente100493@email.com,personalizado,"HUEVOS DOCENA M, MANTEQUILLA 250G, ESPUMA AFEITAR 200ML, DESODORANTE SPRAY 200ML, COMPRESAS PACK 16"
100502,cliente100502@email.com,personalizado,"CEBOLLA KG, LECHE ENTERA BRIK 1L, PATATA KG, CAFE MOLIDO 250G, GALLETAS MARIA 800G"
100503,cliente100503@email.com,personalizado,"CREMA HIDRATANTE 200ML, ROLLO COCINA PACK 4, LAVAVAJILLAS MANO 750ML, GALLETAS MARIA 800G, COLONIA 100ML"
100504,cliente100504@email.com,personalizado,"GALLETAS MARIA 800G, GEL INTIMO 250ML, HARINA TRIGO 1KG, SUAVIZANTE CONCENTRADO 1.5L, CREMA HIDRATANTE 200ML"
100505,cliente100505@email.com,personalizado,"MANZANA GOLDEN KG, NATA COCINA 200ML, PAN BARRA RUSTICA, MANTEQUILLA 250G, ZANAHORIA KG"
100506,cliente100506@email.com,personalizado,"QUINOA 500G, HARINA TRIGO 1KG, GAMBA FRESCA KG, ARROZ REDONDO 1KG, FILETE TERNERA KG"
100508,cliente100508@email.com,personalizado,"TOMATE RAMA KG, ARROZ REDONDO 1KG, HARINA TRIGO 1KG, CEREALES DESAYUNO 500G, ZANAHORIA KG"
100510,cliente100510@email.com,personalizado,"PAN BARRA RUSTICA, CEBOLLA KG, PATATA KG, MANZANA GOLDEN KG, VINO BLANCO VERDEJO"
100513,cliente100513@email.com,personalizado,"PAN BARRA RUSTICA, ENSALADA CESAR PREPARADA, FRIEGASUELOS 1.5L, TORTILLA PATATA REFRIGERADA, SUSHI BANDEJA 12 PIEZAS"
100515,cliente100515@email.com,personalizado,"MAQUINILLA AFEITAR PACK 4, CREMA HIDRATANTE 200ML, VELAS AROMATICAS PACK 3, DETERGENTE LIQUIDO 30 DOSIS, SERVILLETAS PACK 100"
100516,cliente100516@email.com,personalizado,"YOGUR GRIEGO PACK 4, PASTA ESPAGUETI 500G, CEBOLLA KG, PAÑALES T4 PACK 44, MANTEQUILLA 250G"
100517,cliente100517@email.com,personalizado,"HARINA TRIGO 1KG, ARROZ REDONDO 1KG, GAMBA FRESCA KG, MANZANA GOLDEN KG, QUINOA 500G"
100518,cliente100518@email.com,personalizado,"VINO BLANCO VERDEJO, CERVEZA ARTESANA 33CL, TONICA PACK 4, REFRESCO LIMON 2L, BEBIDA ENERGETICA 50CL"
100519,cliente100519@email.com,personalizado,"GALLETAS MARIA 800G, HARINA TRIGO 1KG, PATATA KG, TOMATE RAMA KG, PLATANO KG"
100525,cliente100525@email.com,personalizado,"LECHE ENTERA BRIK 1L, PAPEL HIGIENICO PACK 12, FILM TRANSPARENTE 30M, HARINA TRIGO 1KG, BOLSAS BASURA 30L"
100528,cliente100528@email.com,personalizado,"TOMATE RAMA KG, PECHUGA POLLO BANDEJA, CEREALES DESAYUNO 500G, MERLUZA FILETE KG, LECHE SEMIDESNATADA 1L"
100534,cliente100534@email.com,personalizado,"MERLUZA FILETE KG, GAMBA FRESCA KG, PIMIENTO ROJO KG, CALDO POLLO PACK, VINO BLANCO VERDEJO"
100538,cliente100538@email.com,personalizado,"PASTA ESPAGUETI 500G, PATATA KG, MANZANA GOLDEN KG, TOMATE RAMA KG, PAN BARRA RUSTICA"
100539,cliente100539@email.com,personalizado,"LECHE SEMIDESNATADA 1L, NARANJA KG, REFRESCO COLA 2L, LENTEJAS PARDINA 1KG, CACAO SOLUBLE 800G"
100541,cliente100541@email.com,personalizado,"PATATA KG, MANZANA GOLDEN KG, TOMATE RAMA KG, LECHUGA ICEBERG UD, PAN BARRA RUSTICA"
100548,cliente100548@email.com,personalizado,"GALLETAS MARIA 800G, AZUCAR BLANCO 1KG, HARINA TRIGO 1KG, TOMATE FRITO 400G, ARROZ REDONDO 1KG"
100551,cliente100551@email.com,personalizado,"CAFE MOLIDO 250G, GALLETAS MARIA 800G, LECHE ENTERA BRIK 1L, SEMILLAS CHIA 250G, HARINA TRIGO 1KG"
100555,cliente100555@email.com,personalizado,"TOMATE FRITO 400G, PASTA ESPAGUETI 500G, GALLETAS MARIA 800G, PAN BARRA RUSTICA, MANZANA GOLDEN KG"
100557,cliente100557@email.com,personalizado,"TOMATE RAMA KG, HARINA TRIGO 1KG, ARROZ REDONDO 1KG, PAN BARRA RUSTICA, PECHUGA POLLO BANDEJA"
100558,cliente100558@email.com,personalizado,"MANZANA GOLDEN KG, LECHE SEMIDESNATADA 1L, ARROZ REDONDO 1KG, QUESO RALLADO 200G, CEREALES DESAYUNO 500G"
100559,cliente100559@email.com,personalizado,"HARINA TRIGO 1KG, ARROZ REDONDO 1KG, MANZANA GOLDEN KG, PECHUGA POLLO BANDEJA, GAMBA FRESCA KG"
100560,cliente100560@email.com,personalizado,"POLLO ASADO ENTERO, CHOCOLATE TABLETA 100G, CHICLES PACK 3, GUISANTES CONGELADOS 1KG, LASAÑA BOLOÑESA 400G"
100562,cliente100562@email.com,personalizado,"PAN BARRA RUSTICA, GAMBA FRESCA KG, MERLUZA FILETE KG, LECHE SEMIDESNATADA 1L, QUESO RALLADO 200G"
100563,cliente100563@email.com,personalizado,"MANZANA GOLDEN KG, HUEVOS DOCENA M, PAN BARRA RUSTICA, YOGUR NATURAL PACK 4, MAQUINILLA AFEITAR PACK 4"
100564,cliente100564@email.com,personalizado,"PATATA KG, MANZANA GOLDEN KG, CREMA HIDRATANTE 200ML, MAQUINILLA AFEITAR PACK 4, NATA COCINA 200ML"
100565,cliente100565@email.com,personalizado,"QUESO RALLADO 200G, YOGUR GRIEGO PACK 4, VINO BLANCO VERDEJO, HARINA TRIGO 1KG, PAN BARRA RUSTICA"
100569,cliente100569@email.com,personalizado,"CAFE MOLIDO 250G, LECHE ENTERA BRIK 1L, GALLETAS MARIA 800G, BOMBILLA LED PACK 2, PAPEL HIGIENICO PACK 12"
100570,cliente100570@email.com,personalizado,"CAFE MOLIDO 250G, PIENSO PERRO 4KG, PIENSO GATO 2KG, COMIDA HUMEDA PERRO PACK 4, LECHE ENTERA BRIK 1L"
100572,cliente100572@email.com,personalizado,"ZANAHORIA KG, NARANJA KG, MERLUZA FILETE KG, FILETE TERNERA KG, NATA COCINA 200ML"
100573,cliente100573@email.com,personalizado,"NATA COCINA 200ML, MANTEQUILLA 250G, HUEVOS DOCENA M, CREMA HIDRATANTE 200ML, MAQUINILLA AFEITAR PACK 4"
100574,cliente100574@email.com,personalizado,"LEJIA 2L, MAQUINILLA AFEITAR PACK 4, COLONIA 100ML, LECHE ENTERA BRIK 1L, SERVILLETAS PACK 100"
100576,cliente100576@email.com,personalizado,"TOMATE RAMA KG, VINO BLANCO VERDEJO, PECHUGA POLLO BANDEJA, FILETE TERNERA KG, MERLUZA FILETE KG"
100579,cliente100579@email.com,personalizado,"TONICA PACK 4, REFRESCO NARANJA 2L, VINO TINTO CRIANZA, POLLO ASADO ENTERO, WRAP POLLO PACK 2"
100581,cliente100581@email.com,personalizado,"PASTA ESPAGUETI 500G, TOMATE RAMA KG, MANZANA GOLDEN KG, PLATANO KG, HARINA TRIGO 1KG"
100582,cliente100582@email.com,personalizado,"CEBOLLA KG, BEBIDA SOJA 1L, TOFU NATURAL 250G, GALLETAS MARIA 800G, SEMILLAS CHIA 250G"
100585,cliente100585@email.com,personalizado,"CERVEZA PACK 6, ACEITUNAS RELLENAS 350G, PATATAS FRITAS BOLSA 150G, NACHOS 200G, QUESO RALLADO 200G"
100589,cliente100589@email.com,personalizado,"PASTA ESPAGUETI 500G, PATATA KG, GEL INTIMO 250ML, QUESO LONCHAS 200G, CREMA HIDRATANTE 200ML"
100593,cliente100593@email.com,personalizado,"ARROZ REDONDO 1KG, ROLLO COCINA PACK 4, BOLSAS BASURA 30L, PAPEL HIGIENICO PACK 12, MAQUINILLA AFEITAR PACK 4"
100599,cliente100599@email.com,personalizado,"PASTA ESPAGUETI 500G, PLATANO KG, TE VERDE 25 BOLSAS, CACAO SOLUBLE 800G, PECHUGA POLLO BANDEJA"
100600,cliente100600@email.com,personalizado,"TOMATE FRITO 400G, HARINA TRIGO 1KG, PASTA ESPAGUETI 500G, ARROZ REDONDO 1KG, MANZANA GOLDEN KG"
100608,cliente100608@email.com,personalizado,"TOMATE RAMA KG, PAN BARRA RUSTICA, PECHUGA POLLO BANDEJA, ZANAHORIA KG, SALMON FRESCO KG"
100609,cliente100609@email.com,personalizado,"ARROZ REDONDO 1KG, GALLETAS MARIA 800G, CEREALES DESAYUNO 500G, LECHE AVENA 1L, GRANOLA BIO 400G"
100611,cliente100611@email.com,personalizado,"LAVAVAJILLAS MANO 750ML, BOLSAS BASURA 30L, LIMPIACRISTALES 750ML, ESPUMA AFEITAR 200ML, DETERGENTE LIQUIDO 30 DOSIS"
100612,cliente100612@email.com,personalizado,"PLATANO KG, MANZANA GOLDEN KG, PAN BARRA RUSTICA, SALMON FRESCO KG, ZANAHORIA KG"
100619,cliente100619@email.com,personalizado,"QUESO RALLADO 200G, ZANAHORIA KG, GAMBA FRESCA KG, COLONIA 100ML, CHAMPU ANTICASPA 400ML"
100621,cliente100621@email.com,personalizado,"HARINA TRIGO 1KG, PAPEL HIGIENICO PACK 12, CREMA HIDRATANTE 200ML, BOLSAS BASURA 30L, VELAS AROMATICAS PACK 3"
100622,cliente100622@email.com,personalizado,"QUESO LONCHAS 200G, NATA COCINA 200ML, MANTEQUILLA 250G, PLATANO KG, CERVEZA PACK 6"
100623,cliente100623@email.com,personalizado,"YOGUR GRIEGO PACK 4, NATA COCINA 200ML, YOGUR NATURAL PACK 4, CEREALES DESAYUNO 500G, HUEVOS DOCENA M"
100624,cliente100624@email.com,personalizado,"CEBOLLA KG, TOMATE RAMA KG, HARINA TRIGO 1KG, ARROZ REDONDO 1KG, GAMBA FRESCA KG"
100625,cliente100625@email.com,personalizado,"TONICA PACK 4, AGUA CON GAS 1L, PIZZA CONGELADA 4 ESTACIONES, CROQUETAS JAMON 500G, TORTILLA PATATA REFRIGERADA"
100626,cliente100626@email.com,personalizado,"HARINA TRIGO 1KG, BEBIDA SOJA 1L, TOFU NATURAL 250G, QUINOA 500G, ARROZ REDONDO 1KG"
100628,cliente100628@email.com,personalizado,"TOMATE FRITO 400G, GALLETAS MARIA 800G, BOMBILLA LED PACK 2, COLONIA 100ML, ESPUMA AFEITAR 200ML"
100629,cliente100629@email.com,personalizado,"YOGUR GRIEGO PACK 4, QUESO CURADO CUÑA 250G, VINO BLANCO VERDEJO, MANTEQUILLA 250G, YOGUR NATURAL PACK 4"
100630,cliente100630@email.com,personalizado,"MANTEQUILLA 250G, YOGUR NATURAL PACK 4, HUEVOS DOCENA M, VINO BLANCO VERDEJO, CEREALES DESAYUNO 500G"
100632,cliente100632@email.com,personalizado,"GALLETAS MARIA 800G, HARINA TRIGO 1KG, TOMATE RAMA KG, FRIEGASUELOS 1.5L, TE VERDE 25 BOLSAS"
100634,cliente100634@email.com,personalizado,"ROLLO COCINA PACK 4, PASTILLAS LAVAVAJILLAS 40UD, INSECTICIDA SPRAY, BOLSAS BASURA 30L, HARINA TRIGO 1KG"
100635,cliente100635@email.com,personalizado,"CEREALES DESAYUNO 500G, NARANJA KG, FILETE TERNERA KG, CACAO SOLUBLE 800G, SALMON FRESCO KG"
100637,cliente100637@email.com,personalizado,"COLONIA 100ML, DESODORANTE SPRAY 200ML, QUESO RALLADO 200G, PILAS AA PACK 8, AMBIENTADOR HOGAR"
100638,cliente100638@email.com,personalizado,"TOMATE FRITO 400G, PLATANO KG, PATATA KG, CEBOLLA KG, TOMATE RAMA KG"
100639,cliente100639@email.com,personalizado,"LECHE ENTERA BRIK 1L, ARROZ REDONDO 1KG, MAQUINILLA AFEITAR PACK 4, VELAS AROMATICAS PACK 3, CREMA HIDRATANTE 200ML"
100644,cliente100644@email.com,personalizado,"AGUA MINERAL PACK 6, CERVEZA PACK 6, CERVEZA ARTESANA 33CL, ACEITUNAS RELLENAS 350G, NACHOS 200G"
100647,cliente100647@email.com,personalizado,"TOMATE FRITO 400G, PATATA KG, QUESO LONCHAS 200G, TOMATE RAMA KG, LECHUGA ICEBERG UD"
100648,cliente100648@email.com,personalizado,"VINO BLANCO VERDEJO, NACHOS 200G, TONICA PACK 4, PATATAS FRITAS BOLSA 150G, REFRESCO LIMON 2L"
100649,cliente100649@email.com,personalizado,"LECHE ENTERA BRIK 1L, TOMATE FRITO 400G, GALLETAS MARIA 800G, PAN BARRA RUSTICA, MANZANA GOLDEN KG"
100650,cliente100650@email.com,personalizado,"REFRESCO COLA 2L, PATATA KG, PASTA ESPAGUETI 500G, PAN BARRA RUSTICA, QUESO LONCHAS 200G"
100651,cliente100651@email.com,personalizado,"ACEITUNAS RELLENAS 350G, BEBIDA ENERGETICA 50CL, HELADO CHOCOLATE 1L, TONICA PACK 4, AGUA MINERAL PACK 6"
100652,cliente100652@email.com,personalizado,"GEL INTIMO 250ML, LECHE ENTERA BRIK 1L, POTITO FRUTA VARIADA, CREMA PAÑAL 100ML, LECHE INFANTIL CONTINUACION"
100653,cliente100653@email.com,personalizado,"CARNE PICADA MIXTA 500G, TOMATE FRITO 400G, CEBOLLA KG, PASTA ESPAGUETI 500G, PATATA KG"
100660,cliente100660@email.com,personalizado,"VINO BLANCO VERDEJO, HARINA TRIGO 1KG, AGUA MINERAL PACK 6, CEREALES DESAYUNO 500G, LECHE SEMIDESNATADA 1L"
100661,cliente100661@email.com,personalizado,"PAN BARRA RUSTICA, PLATANO KG, MERLUZA FILETE KG, FILETE TERNERA KG, PECHUGA POLLO BANDEJA"
100663,cliente100663@email.com,personalizado,"TONICA PACK 4, REFRESCO NARANJA 2L, ZUMO NARANJA 1L, AGUA CON GAS 1L, VINO TINTO CRIANZA"
100666,cliente100666@email.com,personalizado,"TOFU NATURAL 250G, LECHE ENTERA BRIK 1L, TOMATE RAMA KG, LECHUGA ICEBERG UD, SEMILLAS CHIA 250G"
100669,cliente100669@email.com,personalizado,"ACEITUNAS RELLENAS 350G, CERVEZA ARTESANA 33CL, AGUA MINERAL PACK 6, TONICA PACK 4, REFRESCO NARANJA 2L"
100670,cliente100670@email.com,personalizado,"PAN BARRA RUSTICA, LECHE AVENA 1L, GRANOLA BIO 400G, PATATA KG, LECHE ENTERA BRIK 1L"
100672,cliente100672@email.com,personalizado,"PAN BARRA RUSTICA, MERMELADA FRESA 350G, BEBIDA ENERGETICA 50CL, MARISCO CONGELADO 500G, GALLETAS CHOCOLATE 300G"
100675,cliente100675@email.com,personalizado,"HARINA TRIGO 1KG, QUESO LONCHAS 200G, PECHUGA POLLO BANDEJA, PLATANO KG, SALMON FRESCO KG"
100679,cliente100679@email.com,personalizado,"GEL INTIMO 250ML, BOMBILLA LED PACK 2, PAPEL HIGIENICO PACK 12, FILM TRANSPARENTE 30M, COMPRESAS PACK 16"
100680,cliente100680@email.com,personalizado,"COLONIA 100ML, ARROZ REDONDO 1KG, GEL DUCHA 750ML, LENTEJAS PARDINA 1KG, TE VERDE 25 BOLSAS"
100681,cliente100681@email.com,personalizado,"TOFU NATURAL 250G, PATATA KG, QUINOA 500G, LECHUGA ICEBERG UD, GAMBA FRESCA KG"
100683,cliente100683@email.com,personalizado,"PASTA ESPAGUETI 500G, CEREALES DESAYUNO 500G, QUESO RALLADO 200G, MERLUZA FILETE KG, REFRESCO COLA 2L"
100684,cliente100684@email.com,personalizado,"CEBOLLA KG, QUESO LONCHAS 200G, ZANAHORIA KG, NARANJA KG, LECHE SEMIDESNATADA 1L"
100690,cliente100690@email.com,personalizado,"GAMBA FRESCA KG, ARROZ REDONDO 1KG, PECHUGA POLLO BANDEJA, ZANAHORIA KG, NARANJA KG"
100691,cliente100691@email.com,personalizado,"NACHOS 200G, PATATAS FRITAS BOLSA 150G, AGUA MINERAL PACK 6, REFRESCO LIMON 2L, REFRESCO NARANJA 2L"
100692,cliente100692@email.com,personalizado,"HARINA TRIGO 1KG, PATATA KG, QUESO RALLADO 200G, MANZANA GOLDEN KG, LECHUGA ICEBERG UD"
100695,cliente100695@email.com,personalizado,"PASTA ESPAGUETI 500G, LECHE ENTERA BRIK 1L, CAFE MOLIDO 250G, GALLETAS MARIA 800G, TOMATE RAMA KG"
100696,cliente100696@email.com,personalizado,"LECHE SEMIDESNATADA 1L, CEREALES DESAYUNO 500G, PLATANO KG, PAN BARRA RUSTICA, QUESO LONCHAS 200G"
100698,cliente100698@email.com,personalizado,"PASTA ESPAGUETI 500G, PLATANO KG, TOMATE RAMA KG, MANZANA GOLDEN KG, GAMBA FRESCA KG"
100700,cliente100700@email.com,personalizado,"ARROZ REDONDO 1KG, PLATANO KG, PATATA KG, TOMATE RAMA KG, CEREALES DESAYUNO 500G"
100704,cliente100704@email.com,personalizado,"CEBOLLA KG, TOMATE RAMA KG, LECHUGA ICEBERG UD, PLATANO KG, PECHUGA POLLO BANDEJA"
100705,cliente100705@email.com,personalizado,"LECHE ENTERA BRIK 1L, GALLETAS MARIA 800G, PATATA KG, PAN BARRA RUSTICA, MANZANA GOLDEN KG"
100710,cliente100710@email.com,personalizado,"GALLETAS MARIA 800G, TOMATE FRITO 400G, PAPEL HIGIENICO PACK 12, SUAVIZANTE CONCENTRADO 1.5L, FILM TRANSPARENTE 30M"
100712,cliente100712@email.com,personalizado,"HARINA TRIGO 1KG, GRANOLA BIO 400G, PLATANO KG, MERLUZA FILETE KG, FILETE TERNERA KG"
100714,cliente100714@email.com,personalizado,"LECHE ENTERA BRIK 1L, MANZANA GOLDEN KG, LECHUGA ICEBERG UD, CAFE MOLIDO 250G, ARROZ REDONDO 1KG"
100716,cliente100716@email.com,personalizado,"PATATA KG, PAN BARRA RUSTICA, LECHE INFANTIL CONTINUACION, PASTA ESPAGUETI 500G, CREMA PAÑAL 100ML"
100717,cliente100717@email.com,personalizado,"HARINA TRIGO 1KG, ARROZ REDONDO 1KG, PAPEL HIGIENICO PACK 12, SUAVIZANTE CONCENTRADO 1.5L, PASTILLAS LAVAVAJILLAS 40UD"
100718,cliente100718@email.com,personalizado,"CREMA HIDRATANTE 200ML, DESODORANTE SPRAY 200ML, NATA COCINA 200ML, LECHE SEMIDESNATADA 1L, HUEVOS DOCENA M"
100720,cliente100720@email.com,personalizado,"ARROZ REDONDO 1KG, AMBIENTADOR HOGAR, PASTA DENTIFRICA 75ML, CEREALES DESAYUNO 500G, CALDO POLLO PACK"
100722,cliente100722@email.com,personalizado,"CEREALES DESAYUNO 500G, REFRESCO COLA 2L, PLATANO KG, TE VERDE 25 BOLSAS, LECHUGA ICEBERG UD"
100725,cliente100725@email.com,personalizado,"HARINA TRIGO 1KG, ARROZ REDONDO 1KG, SUAVIZANTE CONCENTRADO 1.5L, AMBIENTADOR HOGAR, DETERGENTE LIQUIDO 30 DOSIS"
100726,cliente100726@email.com,personalizado,"PASTA ESPAGUETI 500G, LECHE ENTERA BRIK 1L, BEBIDA SOJA 1L, GALLETAS MARIA 800G, GRANOLA BIO 400G"
100730,cliente100730@email.com,personalizado,"PAÑALES T5 PACK 40, QUESO LONCHAS 200G, TOMATE RAMA KG, YOGUR GRIEGO PACK 4, LECHE SEMIDESNATADA 1L"
100731,cliente100731@email.com,personalizado,"MANZANA GOLDEN KG, TOMATE RAMA KG, PAN BARRA RUSTICA, PECHUGA POLLO BANDEJA, PLATANO KG"
100733,cliente100733@email.com,personalizado,"PATATA KG, MANZANA GOLDEN KG, GALLETAS MARIA 800G, TOMATE RAMA KG, LECHUGA ICEBERG UD"
100735,cliente100735@email.com,personalizado,"CEREALES DESAYUNO 500G, NARANJA KG, PIMIENTO ROJO KG, ATUN CLARO PACK 3, LECHE SEMIDESNATADA 1L"
100736,cliente100736@email.com,personalizado,"LECHE INFANTIL CONTINUACION, GEL INTIMO 250ML, NATA COCINA 200ML, MANTEQUILLA 250G, QUESO RALLADO 200G"
100738,cliente100738@email.com,personalizado,"LECHE SEMIDESNATADA 1L, YOGUR GRIEGO PACK 4, PLATANO KG, ARROZ REDONDO 1KG, CEREALES DESAYUNO 500G"
100740,cliente100740@email.com,personalizado,"PLATANO KG, LECHE SEMIDESNATADA 1L, NARANJA KG, ACEITE OLIVA VIRGEN 1L, TE VERDE 25 BOLSAS"
100745,cliente100745@email.com,personalizado,"QUESO LONCHAS 200G, LECHE SEMIDESNATADA 1L, QUESO RALLADO 200G, FILETE TERNERA KG, PIMIENTO ROJO KG"
100748,cliente100748@email.com,personalizado,"HARINA TRIGO 1KG, ARROZ REDONDO 1KG, TOMATE FRITO 400G, SUAVIZANTE CONCENTRADO 1.5L, PAPEL ALUMINIO 30M"
100749,cliente100749@email.com,personalizado,"BOLSAS BASURA 30L, INSECTICIDA SPRAY, TOMATE FRITO 400G, LAVAVAJILLAS MANO 750ML, MAQUINILLA AFEITAR PACK 4"
100751,cliente100751@email.com,personalizado,"BOLSAS BASURA 30L, INSECTICIDA SPRAY, MAQUINILLA AFEITAR PACK 4, LEJIA 2L, AMBIENTADOR HOGAR"
100754,cliente100754@email.com,personalizado,"REFRESCO COLA 2L, TOMATE RAMA KG, MANZANA GOLDEN KG, LECHE SEMIDESNATADA 1L, PLATANO KG"
100755,cliente100755@email.com,personalizado,"CREMA PAÑAL 100ML, MANZANA GOLDEN KG, LECHE SEMIDESNATADA 1L, MANTEQUILLA 250G, YOGUR NATURAL PACK 4"
100757,cliente100757@email.com,personalizado,"LECHE ENTERA BRIK 1L, TOMATE FRITO 400G, CAFE MOLIDO 250G, GALLETAS MARIA 800G, HARINA TRIGO 1KG"
100761,cliente100761@email.com,personalizado,"LEJIA 2L, LAVAVAJILLAS MANO 750ML, ATUN CLARO PACK 3, COLONIA 100ML, AMBIENTADOR HOGAR"
100764,cliente100764@email.com,personalizado,"PATATA KG, CREMA HIDRATANTE 200ML, MANZANA GOLDEN KG, TOMATE RAMA KG, LECHE SEMIDESNATADA 1L"
100767,cliente100767@email.com,personalizado,"VINO BLANCO VERDEJO, MERLUZA FILETE KG, NARANJA KG, FILETE TERNERA KG, AGUA MINERAL PACK 6"
100769,cliente100769@email.com,personalizado,"HARINA TRIGO 1KG, GALLETAS MARIA 800G, CAFE MOLIDO 250G, ARROZ REDONDO 1KG, LECHE ENTERA BRIK 1L"
100774,cliente100774@email.com,personalizado,"ARROZ REDONDO 1KG, HARINA TRIGO 1KG, CEREALES DESAYUNO 500G, LECHE SEMIDESNATADA 1L, TE VERDE 25 BOLSAS"
100776,cliente100776@email.com,personalizado,"GALLETAS MARIA 800G, PAPEL HIGIENICO PACK 12, TOMATE FRITO 400G, VELAS AROMATICAS PACK 3, LAVAVAJILLAS MANO 750ML"
100781,cliente100781@email.com,personalizado,"HARINA TRIGO 1KG, ARROZ REDONDO 1KG, AZUCAR BLANCO 1KG, MERMELADA FRESA 350G, LECHE ENTERA BRIK 1L"
100787,cliente100787@email.com,personalizado,"CREMA HIDRATANTE 200ML, COLONIA 100ML, DESODORANTE SPRAY 200ML, TOMATE FRITO 400G, ARROZ REDONDO 1KG"
100789,cliente100789@email.com,personalizado,"TOMATE FRITO 400G, NATA COCINA 200ML, CEBOLLA KG, DESODORANTE SPRAY 200ML, ESPUMA AFEITAR 200ML"
100791,cliente100791@email.com,personalizado,"LECHE SEMIDESNATADA 1L, YOGUR GRIEGO PACK 4, QUESO RALLADO 200G, YOGUR NATURAL PACK 4, MANZANA GOLDEN KG"
100792,cliente100792@email.com,personalizado,"QUESO CURADO CUÑA 250G, REFRESCO COLA 2L, YOGUR GRIEGO PACK 4, NATA COCINA 200ML, VINO BLANCO VERDEJO"
100797,cliente100797@email.com,personalizado,"PIZZA JAMON Y QUESO, AGUA MINERAL PACK 6, BEBIDA ENERGETICA 50CL, REFRESCO NARANJA 2L, VINO TINTO CRIANZA"
100799,cliente100799@email.com,personalizado,"QUESO LONCHAS 200G, MANZANA GOLDEN KG, QUESO RALLADO 200G, TE VERDE 25 BOLSAS, REFRESCO COLA 2L"
100800,cliente100800@email.com,personalizado,"LECHE INFANTIL CONTINUACION, CREMA PAÑAL 100ML, POTITO VERDURA POLLO, PAÑALES T4 PACK 44, NATA COCINA 200ML"
100801,cliente100801@email.com,personalizado,"GALLETAS MARIA 800G, LECHE ENTERA BRIK 1L, LECHE AVENA 1L, QUINOA 500G, PASTA ESPAGUETI 500G"
100804,cliente100804@email.com,personalizado,"HARINA TRIGO 1KG, TOMATE RAMA KG, LECHUGA ICEBERG UD, ARROZ REDONDO 1KG, PECHUGA POLLO BANDEJA"
100805,cliente100805@email.com,personalizado,"HARINA TRIGO 1KG, GAMBA FRESCA KG, ATUN CLARO PACK 3, SALMON FRESCO KG, ZANAHORIA KG"
100806,cliente100806@email.com,personalizado,"BEBIDA SOJA 1L, TOMATE FRITO 400G, SEMILLAS CHIA 250G, MANZANA GOLDEN KG, TOMATE RAMA KG"
100808,cliente100808@email.com,personalizado,"REFRESCO COLA 2L, MANZANA GOLDEN KG, QUESO LONCHAS 200G, HARINA TRIGO 1KG, PAN BARRA RUSTICA"
100809,cliente100809@email.com,personalizado,"TOMATE FRITO 400G, HARINA TRIGO 1KG, PAN BARRA RUSTICA, TOMATE RAMA KG, LECHUGA ICEBERG UD"
100810,cliente100810@email.com,personalizado,"REFRESCO COLA 2L, PAN BARRA RUSTICA, MANZANA GOLDEN KG, HARINA TRIGO 1KG, QUESO LONCHAS 200G"
100811,cliente100811@email.com,personalizado,"LECHUGA ICEBERG UD, CACAO SOLUBLE 800G, PAN BARRA RUSTICA, TE VERDE 25 BOLSAS, ZANAHORIA KG"
100812,cliente100812@email.com,personalizado,"ARROZ REDONDO 1KG, PLATANO KG, GAMBA FRESCA KG, FILETE TERNERA KG, SALMON FRESCO KG"
100816,cliente100816@email.com,personalizado,"PIZZA CONGELADA 4 ESTACIONES, CROQUETAS JAMON 500G, MERMELADA FRESA 350G, TORTILLA PATATA REFRIGERADA, FRIEGASUELOS 1.5L"
100820,cliente100820@email.com,personalizado,"LECHUGA ICEBERG UD, CAFE MOLIDO 250G, GALLETAS MARIA 800G, QUESO LONCHAS 200G, GAMBA FRESCA KG"
100821,cliente100821@email.com,personalizado,"MERLUZA FILETE KG, ZANAHORIA KG, GAMBA FRESCA KG, PAN BARRA RUSTICA, PECHUGA POLLO BANDEJA"
100827,cliente100827@email.com,personalizado,"HARINA TRIGO 1KG, ARROZ REDONDO 1KG, REFRESCO COLA 2L, PASTA ESPAGUETI 500G, TOMATE FRITO 400G"
100829,cliente100829@email.com,personalizado,"ESPUMA AFEITAR 200ML, PASTA DENTIFRICA 75ML, PILAS AA PACK 8, COMPRESAS PACK 16, CEREALES DESAYUNO 500G"
100835,cliente100835@email.com,personalizado,"REFRESCO COLA 2L, HARINA TRIGO 1KG, QUESO LONCHAS 200G, CEREALES DESAYUNO 500G, TE VERDE 25 BOLSAS"
100839,cliente100839@email.com,personalizado,"PAN BARRA RUSTICA, PASTA ESPAGUETI 500G, ZANAHORIA KG, LECHE SEMIDESNATADA 1L, QUESO RALLADO 200G"
100840,cliente100840@email.com,personalizado,"LECHUGA ICEBERG UD, PAN BARRA RUSTICA, ZANAHORIA KG, SALMON FRESCO KG, FILETE TERNERA KG"
100841,cliente100841@email.com,personalizado,"GEL INTIMO 250ML, CREMA HIDRATANTE 200ML, ESPUMA AFEITAR 200ML, PAPEL HIGIENICO PACK 12, BOMBILLA LED PACK 2"
100844,cliente100844@email.com,personalizado,"LECHE SEMIDESNATADA 1L, CEREALES DESAYUNO 500G, VINO BLANCO VERDEJO, LENTEJAS PARDINA 1KG, YOGUR GRIEGO PACK 4"
100845,cliente100845@email.com,personalizado,"MANZANA GOLDEN KG, HARINA TRIGO 1KG, ARROZ REDONDO 1KG, PLATANO KG, GAMBA FRESCA KG"
100847,cliente100847@email.com,personalizado,"PAN BARRA RUSTICA, VINO TINTO CRIANZA, AGUA CON GAS 1L, REFRESCO LIMON 2L, TORTILLA PATATA REFRIGERADA"
100848,cliente100848@email.com,personalizado,"LECHUGA ICEBERG UD, GAMBA FRESCA KG, PECHUGA POLLO BANDEJA, MERLUZA FILETE KG, SALMON FRESCO KG"
100849,cliente100849@email.com,personalizado,"REFRESCO COLA 2L, HARINA TRIGO 1KG, ARROZ REDONDO 1KG, CEBOLLA KG, FRIEGASUELOS 1.5L"
100850,cliente100850@email.com,personalizado,"PATATA KG, TOMATE RAMA KG, MANZANA GOLDEN KG, PLATANO KG, LECHE SEMIDESNATADA 1L"
100851,cliente100851@email.com,personalizado,"VINO BLANCO VERDEJO, AGUA MINERAL PACK 6, QUESO CURADO CUÑA 250G, PATATA KG, LECHE SEMIDESNATADA 1L"
100852,cliente100852@email.com,personalizado,"REFRESCO COLA 2L, HARINA TRIGO 1KG, CEBOLLA KG, PASTA ESPAGUETI 500G, PATATA KG"
100855,cliente100855@email.com,personalizado,"HARINA TRIGO 1KG, GALLETAS MARIA 800G, CAFE MOLIDO 250G, ARROZ REDONDO 1KG, LECHE ENTERA BRIK 1L"
100856,cliente100856@email.com,personalizado,"CHOCOLATE TABLETA 100G, TORTILLA PATATA REFRIGERADA, CHICLES PACK 3, SUSHI BANDEJA 12 PIEZAS, GUISANTES CONGELADOS 1KG"
100858,cliente100858@email.com,personalizado,"CERVEZA ARTESANA 33CL, TONICA PACK 4, BEBIDA ENERGETICA 50CL, GALLETAS CHOCOLATE 300G, MARISCO CONGELADO 500G"
100861,cliente100861@email.com,personalizado,"NACHOS 200G, PATATAS FRITAS BOLSA 150G, AGUA CON GAS 1L, VINO TINTO CRIANZA, PIZZA CONGELADA 4 ESTACIONES"
100862,cliente100862@email.com,personalizado,"CEBOLLA KG, CARNE PICADA MIXTA 500G, CREMA PAÑAL 100ML, PAÑALES T5 PACK 40, PAÑALES T4 PACK 44"
100864,cliente100864@email.com,personalizado,"PAÑALES T5 PACK 40, PAÑALES T4 PACK 44, QUESO LONCHAS 200G, YOGUR GRIEGO PACK 4, PASTA ESPAGUETI 500G"
100865,cliente100865@email.com,personalizado,"GEL INTIMO 250ML, TOMATE FRITO 400G, MAQUINILLA AFEITAR PACK 4, PATATA KG, ESPUMA AFEITAR 200ML"
100867,cliente100867@email.com,personalizado,"VINO BLANCO VERDEJO, PAN BARRA RUSTICA, MERLUZA FILETE KG, NARANJA KG, GAMBA FRESCA KG"
100868,cliente100868@email.com,personalizado,"LECHE INFANTIL CONTINUACION, CREMA HIDRATANTE 200ML, YOGUR GRIEGO PACK 4, MAQUINILLA AFEITAR PACK 4, MANZANA GOLDEN KG"
100870,cliente100870@email.com,personalizado,"HARINA TRIGO 1KG, ARROZ REDONDO 1KG, ARENA GATO 5L, COMIDA GATO LATA PACK 6, TE VERDE 25 BOLSAS"
100871,cliente100871@email.com,personalizado,"CHICLES PACK 3, SUSHI BANDEJA 12 PIEZAS, GUISANTES CONGELADOS 1KG, HELADO VAINILLA 1L, CROQUETAS CONGELADAS 1KG"
100873,cliente100873@email.com,personalizado,"VINO TINTO CRIANZA, AGUA CON GAS 1L, CHOCOLATE TABLETA 100G, TORTILLA PATATA REFRIGERADA, ENSALADA CESAR PREPARADA"
100874,cliente100874@email.com,personalizado,"YOGUR GRIEGO PACK 4, PASTA ESPAGUETI 500G, QUESO CURADO CUÑA 250G, MANZANA GOLDEN KG, PAÑALES T5 PACK 40"
100877,cliente100877@email.com,personalizado,"AGUA MINERAL PACK 6, REFRESCO LIMON 2L, VINO TINTO CRIANZA, REFRESCO NARANJA 2L, ZUMO NARANJA 1L"
100878,cliente100878@email.com,personalizado,"PLATANO KG, PECHUGA POLLO BANDEJA, LECHE SEMIDESNATADA 1L, NARANJA KG, MERLUZA FILETE KG"
100880,cliente100880@email.com,personalizado,"LECHUGA ICEBERG UD, PECHUGA POLLO BANDEJA, PAN BARRA RUSTICA, MERLUZA FILETE KG, FILETE TERNERA KG"
100881,cliente100881@email.com,personalizado,"COMIDA GATO LATA PACK 6, PATATA KG, TE VERDE 25 BOLSAS, TOMATE RAMA KG, LECHUGA ICEBERG UD"
100883,cliente100883@email.com,personalizado,"PIENSO GATO 2KG, ARROZ REDONDO 1KG, MANZANA GOLDEN KG, PLATANO KG, QUESO LONCHAS 200G"
100884,cliente100884@email.com,personalizado,"CROQUETAS JAMON 500G, HELADO CHOCOLATE 1L, WRAP POLLO PACK 2, REFRESCO NARANJA 2L, POLLO ASADO ENTERO"
100885,cliente100885@email.com,personalizado,"PASTA ESPAGUETI 500G, PATATA KG, PAÑALES T4 PACK 44, CREMA HIDRATANTE 200ML, QUESO CURADO CUÑA 250G"
100886,cliente100886@email.com,personalizado,"GAMBA FRESCA KG, SEMILLAS CHIA 250G, FILETE TERNERA KG, PIMIENTO ROJO KG, ATUN CLARO PACK 3"
100888,cliente100888@email.com,personalizado,"LECHE SEMIDESNATADA 1L, HARINA TRIGO 1KG, CEREALES DESAYUNO 500G, QUESO LONCHAS 200G, REFRESCO COLA 2L"
100889,cliente100889@email.com,personalizado,"LECHE AVENA 1L, TOFU NATURAL 250G, AZUCAR BLANCO 1KG, LECHE ENTERA BRIK 1L, CAFE MOLIDO 250G"
100891,cliente100891@email.com,personalizado,"SUAVIZANTE CONCENTRADO 1.5L, COLONIA 100ML, LIMPIACRISTALES 750ML, DETERGENTE LIQUIDO 30 DOSIS, SERVILLETAS PACK 100"
100892,cliente100892@email.com,personalizado,"LECHUGA ICEBERG UD, HUEVOS DOCENA M, PECHUGA POLLO BANDEJA, ZANAHORIA KG, AGUA MINERAL PACK 6"
100898,cliente100898@email.com,personalizado,"PLATANO KG, CACAO SOLUBLE 800G, CALDO POLLO PACK, REFRESCO COLA 2L, VINO BLANCO VERDEJO"
100899,cliente100899@email.com,personalizado,"CAFE MOLIDO 250G, LECHE ENTERA BRIK 1L, CEBOLLA KG, LECHUGA ICEBERG UD, TE VERDE 25 BOLSAS"
100900,cliente100900@email.com,personalizado,"PLATANO KG, TOMATE RAMA KG, HARINA TRIGO 1KG, LECHE SEMIDESNATADA 1L, YOGUR GRIEGO PACK 4"
100904,cliente100904@email.com,personalizado,"FRUTOS SECOS MIX 200G, PIZZA CONGELADA 4 ESTACIONES, CROQUETAS JAMON 500G, CERVEZA ARTESANA 33CL, REFRESCO LIMON 2L"
100905,cliente100905@email.com,personalizado,"MANZANA GOLDEN KG, LECHUGA ICEBERG UD, TOMATE FRITO 400G, LECHE ENTERA BRIK 1L, ZANAHORIA KG"
100906,cliente100906@email.com,personalizado,"VINO BLANCO VERDEJO, CEBOLLA KG, AGUA MINERAL PACK 6, QUESO RALLADO 200G, PECHUGA POLLO BANDEJA"
100908,cliente100908@email.com,personalizado,"PASTA ESPAGUETI 500G, GALLETAS MARIA 800G, PATATA KG, FRIEGASUELOS 1.5L, PAN BARRA RUSTICA"
100911,cliente100911@email.com,personalizado,"CEBOLLA KG, PLATANO KG, HARINA TRIGO 1KG, LECHE SEMIDESNATADA 1L, NARANJA KG"
100913,cliente100913@email.com,personalizado,"CERVEZA ARTESANA 33CL, GALLETAS CHOCOLATE 300G, WRAP POLLO PACK 2, POLLO ASADO ENTERO, BEBIDA ENERGETICA 50CL"
100914,cliente100914@email.com,personalizado,"AGUA MINERAL PACK 6, REFRESCO LIMON 2L, VINO TINTO CRIANZA, POLLO ASADO ENTERO, CHOCOLATE TABLETA 100G"
100916,cliente100916@email.com,personalizado,"QUESO LONCHAS 200G, YOGUR GRIEGO PACK 4, LECHE SEMIDESNATADA 1L, TOMATE RAMA KG, PAÑALES T5 PACK 40"
100917,cliente100917@email.com,personalizado,"CEBOLLA KG, PASTA ESPAGUETI 500G, LECHE ENTERA BRIK 1L, PLATANO KG, PECHUGA POLLO BANDEJA"
100919,cliente100919@email.com,personalizado,"GEL INTIMO 250ML, MANZANA GOLDEN KG, NATA COCINA 200ML, TOMATE RAMA KG, LECHUGA ICEBERG UD"
100924,cliente100924@email.com,personalizado,"CEBOLLA KG, TOMATE FRITO 400G, TOMATE RAMA KG, SEMILLAS CHIA 250G, LECHUGA ICEBERG UD"
100926,cliente100926@email.com,personalizado,"TOMATE FRITO 400G, LECHE ENTERA BRIK 1L, MANZANA GOLDEN KG, HARINA TRIGO 1KG, PAN BARRA RUSTICA"
100930,cliente100930@email.com,personalizado,"BEBIDA SOJA 1L, QUINOA 500G, TOFU NATURAL 250G, PAN BARRA RUSTICA, SEMILLAS CHIA 250G"
100935,cliente100935@email.com,personalizado,"HARINA TRIGO 1KG, ARROZ REDONDO 1KG, CHAMPU MASCOTAS 250ML, TOMATE FRITO 400G, CEBOLLA KG"
100936,cliente100936@email.com,personalizado,"VINO BLANCO VERDEJO, AGUA MINERAL PACK 6, ACEITUNAS RELLENAS 350G, NACHOS 200G, CERVEZA ARTESANA 33CL"
100938,cliente100938@email.com,personalizado,"MANZANA GOLDEN KG, PAN BARRA RUSTICA, HARINA TRIGO 1KG, PLATANO KG, FILETE TERNERA KG"
100939,cliente100939@email.com,personalizado,"REFRESCO COLA 2L, QUESO LONCHAS 200G, PAN BARRA RUSTICA, VINO BLANCO VERDEJO, AGUA MINERAL PACK 6"
100945,cliente100945@email.com,personalizado,"HARINA TRIGO 1KG, ARROZ REDONDO 1KG, CHAMPU MASCOTAS 250ML, SNACKS PERRO 200G, ARENA GATO 5L"
100946,cliente100946@email.com,personalizado,"GALLETAS MARIA 800G, PASTA ESPAGUETI 500G, HARINA TRIGO 1KG, TOMATE RAMA KG, LECHUGA ICEBERG UD"
100947,cliente100947@email.com,personalizado,"QUESO CURADO CUÑA 250G, QUESO LONCHAS 200G, PAN BARRA RUSTICA, TOMATE FRITO 400G, PASTA ESPAGUETI 500G"
100951,cliente100951@email.com,personalizado,"PASTA ESPAGUETI 500G, PATATA KG, HARINA TRIGO 1KG, ARROZ REDONDO 1KG, MANZANA GOLDEN KG"
100954,cliente100954@email.com,personalizado,"GALLETAS MARIA 800G, HARINA TRIGO 1KG, PECHUGA POLLO BANDEJA, NARANJA KG, ZANAHORIA KG"
100955,cliente100955@email.com,personalizado,"PASTA ESPAGUETI 500G, MANZANA GOLDEN KG, TOMATE RAMA KG, HARINA TRIGO 1KG, FRIEGASUELOS 1.5L"
100956,cliente100956@email.com,personalizado,"PATATA KG, LECHUGA ICEBERG UD, GEL INTIMO 250ML, PAN BARRA RUSTICA, HUEVOS DOCENA M"
100957,cliente100957@email.com,personalizado,"QUESO LONCHAS 200G, PAÑALES T5 PACK 40, LECHE INFANTIL CONTINUACION, CEBOLLA KG, YOGUR GRIEGO PACK 4"
100960,cliente100960@email.com,personalizado,"ZUMO NARANJA 1L, WRAP POLLO PACK 2, CHOCOLATE TABLETA 100G, TORTILLA PATATA REFRIGERADA, MARISCO CONGELADO 500G"
100962,cliente100962@email.com,personalizado,"LECHUGA ICEBERG UD, QUESO CURADO CUÑA 250G, MERLUZA FILETE KG, MANTEQUILLA 250G, HARINA TRIGO 1KG"
100963,cliente100963@email.com,personalizado,"TOMATE FRITO 400G, ARROZ REDONDO 1KG, PAN BARRA RUSTICA, PLATANO KG, TOMATE RAMA KG"
100965,cliente100965@email.com,personalizado,"HARINA TRIGO 1KG, GALLETAS MARIA 800G, CAFE MOLIDO 250G, LECHE ENTERA BRIK 1L, CEBOLLA KG"
100966,cliente100966@email.com,personalizado,"CEBOLLA KG, PATATA KG, LECHE ENTERA BRIK 1L, PAN BARRA RUSTICA, MANZANA GOLDEN KG"
100967,cliente100967@email.com,personalizado,"REFRESCO LIMON 2L, GALLETAS CHOCOLATE 300G, TORTILLA PATATA REFRIGERADA, GUISANTES CONGELADOS 1KG, FRIEGASUELOS 1.5L"
100970,cliente100970@email.com,personalizado,"PAÑALES T5 PACK 40, TOALLITAS BEBE PACK 3, CREMA PAÑAL 100ML, PAÑALES T4 PACK 44, YOGUR GRIEGO PACK 4"
100971,cliente100971@email.com,personalizado,"PLATANO KG, MERLUZA FILETE KG, FILETE TERNERA KG, ATUN CLARO PACK 3, NATA COCINA 200ML"
100975,cliente100975@email.com,personalizado,"VINO BLANCO VERDEJO, AGUA MINERAL PACK 6, PAN BARRA RUSTICA, CEREALES DESAYUNO 500G, QUESO LONCHAS 200G"
100979,cliente100979@email.com,personalizado,"PECHUGA POLLO BANDEJA, FILETE TERNERA KG, MERLUZA FILETE KG, NARANJA KG, CEREALES DESAYUNO 500G"
100983,cliente100983@email.com,personalizado,"CEBOLLA KG, LECHE ENTERA BRIK 1L, CAFE MOLIDO 250G, TOMATE RAMA KG, MANZANA GOLDEN KG"
100987,cliente100987@email.com,personalizado,"VINO BLANCO VERDEJO, REFRESCO NARANJA 2L, HELADO CHOCOLATE 1L, ZUMO NARANJA 1L, GALLETAS CHOCOLATE 300G"
100992,cliente100992@email.com,personalizado,"CEBOLLA KG, PASTA ESPAGUETI 500G, QUESO CURADO CUÑA 250G, QUESO LONCHAS 200G, LECHUGA ICEBERG UD"
100994,cliente100994@email.com,personalizado,"LECHE ENTERA BRIK 1L, GRANOLA BIO 400G, TOFU NATURAL 250G, CEBOLLA KG, PATATA KG"
101001,cliente101001@email.com,personalizado,"VINO BLANCO VERDEJO, NACHOS 200G, TONICA PACK 4, REFRESCO LIMON 2L, REFRESCO NARANJA 2L"
101005,cliente101005@email.com,personalizado,"CAFE MOLIDO 250G, LECHE ENTERA BRIK 1L, TOMATE FRITO 400G, GALLETAS MARIA 800G, HARINA TRIGO 1KG"
101011,cliente101011@email.com,personalizado,"GEL INTIMO 250ML, POTITO VERDURA POLLO, CREMA HIDRATANTE 200ML, POTITO FRUTA VARIADA, MAQUINILLA AFEITAR PACK 4"
101012,cliente101012@email.com,personalizado,"ARROZ REDONDO 1KG, PECHUGA POLLO BANDEJA, QUESO RALLADO 200G, CACAO SOLUBLE 800G, LENTEJAS PARDINA 1KG"
101014,cliente101014@email.com,personalizado,"REFRESCO COLA 2L, AGUA MINERAL PACK 6, CEREALES DESAYUNO 500G, PECHUGA POLLO BANDEJA, ATUN CLARO PACK 3"
101016,cliente101016@email.com,personalizado,"LECHE AVENA 1L, BEBIDA SOJA 1L, GRANOLA BIO 400G, TOFU NATURAL 250G, CEBOLLA KG"
101021,cliente101021@email.com,personalizado,"QUINOA 500G, MANZANA GOLDEN KG, PLATANO KG, LECHUGA ICEBERG UD, GAMBA FRESCA KG"
101022,cliente101022@email.com,personalizado,"REFRESCO COLA 2L, HARINA TRIGO 1KG, LECHUGA ICEBERG UD, QUESO LONCHAS 200G, TE VERDE 25 BOLSAS"
101023,cliente101023@email.com,personalizado,"TOMATE FRITO 400G, CREMA PAÑAL 100ML, TOMATE RAMA KG, LECHUGA ICEBERG UD, HUEVOS DOCENA M"
101024,cliente101024@email.com,personalizado,"PATATA KG, POTITO VERDURA POLLO, MANZANA GOLDEN KG, PAÑALES T5 PACK 40, TOMATE RAMA KG"
101025,cliente101025@email.com,personalizado,"QUESO CURADO CUÑA 250G, LECHE INFANTIL CONTINUACION, NATA COCINA 200ML, GEL INTIMO 250ML, MAQUINILLA AFEITAR PACK 4"
101030,cliente101030@email.com,personalizado,"PAÑALES T4 PACK 44, PAN BARRA RUSTICA, NATA COCINA 200ML, LECHUGA ICEBERG UD, HUEVOS DOCENA M"
101031,cliente101031@email.com,personalizado,"VELAS AROMATICAS PACK 3, LAVAVAJILLAS MANO 750ML, CREMA HIDRATANTE 200ML, PASTILLAS LAVAVAJILLAS 40UD, LIMPIACRISTALES 750ML"
101033,cliente101033@email.com,personalizado,"AGUA CON GAS 1L, PIZZA CUATRO QUESOS, LASAÑA BOLOÑESA 400G, FRIEGASUELOS 1.5L, HELADO VAINILLA 1L"
101038,cliente101038@email.com,personalizado,"CEBOLLA KG, PASTA ESPAGUETI 500G, TOMATE FRITO 400G, AZUCAR BLANCO 1KG, MANZANA GOLDEN KG"
101040,cliente101040@email.com,personalizado,"ZANAHORIA KG, SALMON FRESCO KG, HARINA TRIGO 1KG, PIMIENTO ROJO KG, CEREALES DESAYUNO 500G"
101043,cliente101043@email.com,personalizado,"MAQUINILLA AFEITAR PACK 4, PAPEL HIGIENICO PACK 12, BOMBILLA LED PACK 2, PAPEL ALUMINIO 30M, VELAS AROMATICAS PACK 3"
101044,cliente101044@email.com,personalizado,"LECHE ENTERA BRIK 1L, PATATA KG, PAN BARRA RUSTICA, MANZANA GOLDEN KG, PLATANO KG"
101045,cliente101045@email.com,personalizado,"POTITO FRUTA VARIADA, LECHE INFANTIL CONTINUACION, CREMA PAÑAL 100ML, PAÑALES T4 PACK 44, QUESO LONCHAS 200G"
101048,cliente101048@email.com,personalizado,"PAN BARRA RUSTICA, CEBOLLA KG, MANZANA GOLDEN KG, TOMATE RAMA KG, VINO BLANCO VERDEJO"
101051,cliente101051@email.com,personalizado,"GEL INTIMO 250ML, MAQUINILLA AFEITAR PACK 4, PAPEL HIGIENICO PACK 12, BOLSAS BASURA 30L, ESPUMA AFEITAR 200ML"
101052,cliente101052@email.com,personalizado,"TOMATE FRITO 400G, PATATA KG, CAFE MOLIDO 250G, GALLETAS MARIA 800G, MANZANA GOLDEN KG"
101055,cliente101055@email.com,personalizado,"GALLETAS MARIA 800G, INSECTICIDA SPRAY, BOLSAS BASURA 30L, HARINA TRIGO 1KG, VELAS AROMATICAS PACK 3"
101057,cliente101057@email.com,personalizado,"CEBOLLA KG, PATATA KG, GALLETAS MARIA 800G, TOMATE RAMA KG, LECHUGA ICEBERG UD"
101059,cliente101059@email.com,personalizado,"ARENA GATO 5L, CHAMPU MASCOTAS 250ML, LECHUGA ICEBERG UD, COMIDA GATO LATA PACK 6, PAN BARRA RUSTICA"
101060,cliente101060@email.com,personalizado,"NACHOS 200G, CERVEZA ARTESANA 33CL, BEBIDA ENERGETICA 50CL, TONICA PACK 4, REFRESCO NARANJA 2L"
101061,cliente101061@email.com,personalizado,"ROLLO COCINA PACK 4, INSECTICIDA SPRAY, LAVAVAJILLAS MANO 750ML, ESPUMA AFEITAR 200ML, PASTA DENTIFRICA 75ML"
101062,cliente101062@email.com,personalizado,"LECHUGA ICEBERG UD, PASTA ESPAGUETI 500G, PAN BARRA RUSTICA, LECHE ENTERA BRIK 1L, ZANAHORIA KG"
101065,cliente101065@email.com,personalizado,"PIENSO GATO 2KG, ARENA GATO 5L, CHAMPU MASCOTAS 250ML, LECHE ENTERA BRIK 1L, CEBOLLA KG"
101067,cliente101067@email.com,personalizado,"CAFE MOLIDO 250G, GALLETAS MARIA 800G, LECHE ENTERA BRIK 1L, TOFU NATURAL 250G, QUINOA 500G"
101068,cliente101068@email.com,personalizado,"TONICA PACK 4, BEBIDA ENERGETICA 50CL, REFRESCO NARANJA 2L, EMPANADA ATUN, AGUA CON GAS 1L"
101073,cliente101073@email.com,personalizado,"REFRESCO COLA 2L, HARINA TRIGO 1KG, PASTA ESPAGUETI 500G, TOMATE RAMA KG, PAN BARRA RUSTICA"
101074,cliente101074@email.com,personalizado,"GALLETAS MARIA 800G, GAMBA FRESCA KG, ZANAHORIA KG, SALMON FRESCO KG, MERLUZA FILETE KG"
101077,cliente101077@email.com,personalizado,"CROQUETAS JAMON 500G, PATATAS FRITAS BOLSA 150G, GALLETAS CHOCOLATE 300G, WRAP POLLO PACK 2, ENSALADA CESAR PREPARADA"
101080,cliente101080@email.com,personalizado,"REFRESCO COLA 2L, VINO BLANCO VERDEJO, QUESO LONCHAS 200G, AGUA MINERAL PACK 6, HARINA TRIGO 1KG"
101082,cliente101082@email.com,personalizado,"VINO BLANCO VERDEJO, HARINA TRIGO 1KG, PATATA KG, AGUA MINERAL PACK 6, PASTA ESPAGUETI 500G"
101084,cliente101084@email.com,personalizado,"YOGUR GRIEGO PACK 4, AGUA MINERAL PACK 6, QUESO CURADO CUÑA 250G, CERVEZA ARTESANA 33CL, PECHUGA POLLO BANDEJA"
101086,cliente101086@email.com,personalizado,"CEBOLLA KG, PATATA KG, PASTA ESPAGUETI 500G, CHUPETE PACK 2, MANZANA GOLDEN KG"
101088,cliente101088@email.com,personalizado,"GEL INTIMO 250ML, ESPUMA AFEITAR 200ML, COLONIA 100ML, LECHE ENTERA BRIK 1L, COMPRESAS PACK 16"
101093,cliente101093@email.com,personalizado,"MERMELADA FRESA 350G, MARISCO CONGELADO 500G, POLLO ASADO ENTERO, ENSALADA CESAR PREPARADA, TORTILLA PATATA REFRIGERADA"
101095,cliente101095@email.com,personalizado,"TOMATE FRITO 400G, GALLETAS MARIA 800G, SEMILLAS CHIA 250G, PAN BARRA RUSTICA, TOMATE RAMA KG"
101096,cliente101096@email.com,personalizado,"TOMATE FRITO 400G, TOMATE RAMA KG, YOGUR GRIEGO PACK 4, GEL INTIMO 250ML, NATA COCINA 200ML"
101101,cliente101101@email.com,personalizado,"CERVEZA ARTESANA 33CL, REFRESCO LIMON 2L, NACHOS 200G, ACEITUNAS RELLENAS 350G, PALOMITAS MICROONDAS PACK 3"
101105,cliente101105@email.com,personalizado,"POTITO FRUTA VARIADA, LECHE INFANTIL CONTINUACION, CEBOLLA KG, PAÑALES T5 PACK 40, PATATA KG"
101107,cliente101107@email.com,personalizado,"PAPEL HIGIENICO PACK 12, SUAVIZANTE CONCENTRADO 1.5L, GALLETAS MARIA 800G, INSECTICIDA SPRAY, LAVAVAJILLAS MANO 750ML"
101108,cliente101108@email.com,personalizado,"VINO BLANCO VERDEJO, PAN BARRA RUSTICA, TOMATE FRITO 400G, AGUA MINERAL PACK 6, CEBOLLA KG"
101109,cliente101109@email.com,personalizado,"PATATAS FRITAS BOLSA 150G, CERVEZA ARTESANA 33CL, VINO BLANCO VERDEJO, PIZZA JAMON Y QUESO, AGUA MINERAL PACK 6"
101112,cliente101112@email.com,personalizado,"GALLETAS MARIA 800G, HARINA TRIGO 1KG, GAMBA FRESCA KG, PECHUGA POLLO BANDEJA, ZANAHORIA KG"
101116,cliente101116@email.com,personalizado,"LECHE ENTERA BRIK 1L, PASTA ESPAGUETI 500G, TOMATE FRITO 400G, PAN BARRA RUSTICA, MANZANA GOLDEN KG"
101117,cliente101117@email.com,personalizado,"HARINA TRIGO 1KG, ARROZ REDONDO 1KG, LECHE ENTERA BRIK 1L, TOMATE RAMA KG, PATATA KG"
101120,cliente101120@email.com,personalizado,"GRANOLA BIO 400G, QUINOA 500G, HARINA TRIGO 1KG, MANZANA GOLDEN KG, LECHUGA ICEBERG UD"
101122,cliente101122@email.com,personalizado,"LECHE SEMIDESNATADA 1L, QUESO RALLADO 200G, YOGUR GRIEGO PACK 4, NATA COCINA 200ML, PLATANO KG"
101124,cliente101124@email.com,personalizado,"PATATA KG, LECHE INFANTIL CONTINUACION, CREMA PAÑAL 100ML, PAÑALES T4 PACK 44, MANZANA GOLDEN KG"
101125,cliente101125@email.com,personalizado,"GEL INTIMO 250ML, CREMA HIDRATANTE 200ML, MANZANA GOLDEN KG, ESPUMA AFEITAR 200ML, AZUCAR BLANCO 1KG"
101126,cliente101126@email.com,personalizado,"REFRESCO COLA 2L, QUESO LONCHAS 200G, ARROZ REDONDO 1KG, PAN BARRA RUSTICA, LECHUGA ICEBERG UD"
101127,cliente101127@email.com,personalizado,"PLATANO KG, QUESO RALLADO 200G, MERLUZA FILETE KG, HARINA TRIGO 1KG, FILETE TERNERA KG"
101128,cliente101128@email.com,personalizado,"CROQUETAS JAMON 500G, PIZZA JAMON Y QUESO, REFRESCO LIMON 2L, TONICA PACK 4, REFRESCO NARANJA 2L"
101130,cliente101130@email.com,personalizado,"MANZANA GOLDEN KG, HUEVOS DOCENA M, YOGUR NATURAL PACK 4, GAMBA FRESCA KG, FILETE TERNERA KG"
101132,cliente101132@email.com,personalizado,"PATATA KG, PASTA ESPAGUETI 500G, TOMATE FRITO 400G, QUESO LONCHAS 200G, MANZANA GOLDEN KG"
101134,cliente101134@email.com,personalizado,"CEBOLLA KG, PAN BARRA RUSTICA, QUESO LONCHAS 200G, MANZANA GOLDEN KG, LECHE ENTERA BRIK 1L"
101137,cliente101137@email.com,personalizado,"CERVEZA ARTESANA 33CL, ZUMO NARANJA 1L, GALLETAS CHOCOLATE 300G, VINO TINTO CRIANZA, CHICLES PACK 3"
101138,cliente101138@email.com,personalizado,"MANZANA GOLDEN KG, HARINA TRIGO 1KG, QUESO LONCHAS 200G, ARROZ REDONDO 1KG, GAMBA FRESCA KG"
101141,cliente101141@email.com,personalizado,"ARENA GATO 5L, PIENSO GATO 2KG, CHAMPU MASCOTAS 250ML, COMIDA GATO LATA PACK 6, MERMELADA FRESA 350G"
101145,cliente101145@email.com,personalizado,"QUESO CURADO CUÑA 250G, PAN BARRA RUSTICA, YOGUR GRIEGO PACK 4, NATA COCINA 200ML, HUEVOS DOCENA M"
101146,cliente101146@email.com,personalizado,"AGUA MINERAL PACK 6, BEBIDA ENERGETICA 50CL, VINO TINTO CRIANZA, POLLO ASADO ENTERO, TORTILLA PATATA REFRIGERADA"
101151,cliente101151@email.com,personalizado,"PIENSO PERRO 4KG, LECHE ENTERA BRIK 1L, ARENA GATO 5L, CHAMPU MASCOTAS 250ML, SNACKS PERRO 200G"
101152,cliente101152@email.com,personalizado,"REFRESCO LIMON 2L, BEBIDA ENERGETICA 50CL, PIZZA JAMON Y QUESO, VINO TINTO CRIANZA, FRUTOS SECOS MIX 200G"
101156,cliente101156@email.com,personalizado,"ARROZ REDONDO 1KG, PAN BARRA RUSTICA, REFRESCO COLA 2L, CACAO SOLUBLE 800G, GAMBA FRESCA KG"
101158,cliente101158@email.com,personalizado,"LECHE ENTERA BRIK 1L, GRANOLA BIO 400G, HARINA TRIGO 1KG, GAMBA FRESCA KG, FILETE TERNERA KG"
101160,cliente101160@email.com,personalizado,"QUESO LONCHAS 200G, MERLUZA FILETE KG, ZANAHORIA KG, ARROZ REDONDO 1KG, NARANJA KG"
101161,cliente101161@email.com,personalizado,"CERVEZA ARTESANA 33CL, ACEITUNAS RELLENAS 350G, NACHOS 200G, TONICA PACK 4, REFRESCO LIMON 2L"
101164,cliente101164@email.com,personalizado,"TOMATE FRITO 400G, PAN BARRA RUSTICA, MANZANA GOLDEN KG, TOMATE RAMA KG, HARINA TRIGO 1KG"
101165,cliente101165@email.com,personalizado,"PATATA KG, LECHE ENTERA BRIK 1L, PIENSO PERRO 4KG, SNACKS PERRO 200G, PIENSO GATO 2KG"
101168,cliente101168@email.com,personalizado,"TOMATE RAMA KG, TOMATE FRITO 400G, QUESO LONCHAS 200G, PAN BARRA RUSTICA, QUESO RALLADO 200G"
101169,cliente101169@email.com,personalizado,"ATUN CLARO PACK 3, BOLSAS BASURA 30L, LENTEJAS PARDINA 1KG, AMBIENTADOR HOGAR, MAQUINILLA AFEITAR PACK 4"
101173,cliente101173@email.com,personalizado,"SUAVIZANTE CONCENTRADO 1.5L, SERVILLETAS PACK 100, ARROZ REDONDO 1KG, DESODORANTE SPRAY 200ML, ATUN CLARO PACK 3"
101176,cliente101176@email.com,personalizado,"PATATA KG, PAN BARRA RUSTICA, QUESO CURADO CUÑA 250G, QUESO LONCHAS 200G, REFRESCO COLA 2L"
101178,cliente101178@email.com,personalizado,"PAN BARRA RUSTICA, SEMILLAS CHIA 250G, PLATANO KG, FILETE TERNERA KG, ARROZ REDONDO 1KG"
101179,cliente101179@email.com,personalizado,"TOMATE FRITO 400G, PASTA ESPAGUETI 500G, MANZANA GOLDEN KG, QUINOA 500G, PAN BARRA RUSTICA"
101180,cliente101180@email.com,personalizado,"LECHE ENTERA BRIK 1L, CAFE MOLIDO 250G, AZUCAR BLANCO 1KG, GALLETAS MARIA 800G, PASTA ESPAGUETI 500G"
101181,cliente101181@email.com,personalizado,"ATUN CLARO PACK 3, CEREALES DESAYUNO 500G, SALMON FRESCO KG, ZANAHORIA KG, NARANJA KG"
101183,cliente101183@email.com,personalizado,"LECHE SEMIDESNATADA 1L, QUESO RALLADO 200G, QUESO LONCHAS 200G, PLATANO KG, NATA COCINA 200ML"
101184,cliente101184@email.com,personalizado,"NACHOS 200G, CERVEZA ARTESANA 33CL, PIZZA JAMON Y QUESO, EMPANADA ATUN, TONICA PACK 4"
101189,cliente101189@email.com,personalizado,"ESPUMA AFEITAR 200ML, LEJIA 2L, PASTILLAS LAVAVAJILLAS 40UD, CAFE MOLIDO 250G, GALLETAS MARIA 800G"
101192,cliente101192@email.com,personalizado,"LECHE ENTERA BRIK 1L, GEL INTIMO 250ML, MAQUINILLA AFEITAR PACK 4, CAFE MOLIDO 250G, CREMA HIDRATANTE 200ML"
101193,cliente101193@email.com,personalizado,"FILM TRANSPARENTE 30M, SUAVIZANTE CONCENTRADO 1.5L, ROLLO COCINA PACK 4, HARINA TRIGO 1KG, VELAS AROMATICAS PACK 3"
101194,cliente101194@email.com,personalizado,"PLATANO KG, LECHE SEMIDESNATADA 1L, QUESO RALLADO 200G, QUESO LONCHAS 200G, ZANAHORIA KG"
101195,cliente101195@email.com,personalizado,"GALLETAS MARIA 800G, VINO BLANCO VERDEJO, CACAO SOLUBLE 800G, PASTA ESPAGUETI 500G, CALDO POLLO PACK"
101196,cliente101196@email.com,personalizado,"REFRESCO COLA 2L, CHAMPU MASCOTAS 250ML, COMIDA GATO LATA PACK 6, CEBOLLA KG, PATATA KG"
101197,cliente101197@email.com,personalizado,"HARINA TRIGO 1KG, MANZANA GOLDEN KG, GAMBA FRESCA KG, FILETE TERNERA KG, MERLUZA FILETE KG"
101201,cliente101201@email.com,personalizado,"REFRESCO COLA 2L, AGUA MINERAL PACK 6, CERVEZA PACK 6, REFRESCO LIMON 2L, NACHOS 200G"
101203,cliente101203@email.com,personalizado,"CROQUETAS JAMON 500G, MARISCO CONGELADO 500G, CHICLES PACK 3, PIZZA CUATRO QUESOS, LASAÑA BOLOÑESA 400G"
101207,cliente101207@email.com,personalizado,"NATA COCINA 200ML, LECHUGA ICEBERG UD, PECHUGA POLLO BANDEJA, ZANAHORIA KG, ATUN CLARO PACK 3"
101209,cliente101209@email.com,personalizado,"AGUA MINERAL PACK 6, CHOCOLATE TABLETA 100G, TORTILLA PATATA REFRIGERADA, ENSALADA CESAR PREPARADA, ZUMO NARANJA 1L"
101210,cliente101210@email.com,personalizado,"VINO BLANCO VERDEJO, AGUA MINERAL PACK 6, CERVEZA ARTESANA 33CL, REFRESCO LIMON 2L, PALOMITAS MICROONDAS PACK 3"
101211,cliente101211@email.com,personalizado,"PAÑALES T5 PACK 40, CREMA PAÑAL 100ML, POTITO VERDURA POLLO, PAÑALES T4 PACK 44, CREMA HIDRATANTE 200ML"
101212,cliente101212@email.com,personalizado,"TOMATE FRITO 400G, PAPEL HIGIENICO PACK 12, SUAVIZANTE CONCENTRADO 1.5L, HARINA TRIGO 1KG, GEL INTIMO 250ML"
101214,cliente101214@email.com,personalizado,"MANZANA GOLDEN KG, TOMATE RAMA KG, ARROZ REDONDO 1KG, FRIEGASUELOS 1.5L, LECHUGA ICEBERG UD"
101216,cliente101216@email.com,personalizado,"ARROZ REDONDO 1KG, GAMBA FRESCA KG, ZANAHORIA KG, SALMON FRESCO KG, VINO BLANCO VERDEJO"
101218,cliente101218@email.com,personalizado,"HARINA TRIGO 1KG, ARROZ REDONDO 1KG, GAMBA FRESCA KG, MERLUZA FILETE KG, ATUN CLARO PACK 3"
101220,cliente101220@email.com,personalizado,"QUESO CURADO CUÑA 250G, WRAP POLLO PACK 2, ENSALADA CESAR PREPARADA, BEBIDA ENERGETICA 50CL, TORTILLA PATATA REFRIGERADA"
101224,cliente101224@email.com,personalizado,"MANZANA GOLDEN KG, TOMATE RAMA KG, BEBIDA SOJA 1L, GAMBA FRESCA KG, TOFU NATURAL 250G"
101226,cliente101226@email.com,personalizado,"GAMBA FRESCA KG, SEMILLAS CHIA 250G, ARROZ REDONDO 1KG, PLATANO KG, ZANAHORIA KG"
101227,cliente101227@email.com,personalizado,"PIZZA CONGELADA 4 ESTACIONES, PIZZA JAMON Y QUESO, PATATAS FRITAS BOLSA 150G, ZUMO NARANJA 1L, FRUTOS SECOS MIX 200G"
101228,cliente101228@email.com,personalizado,"PAN BARRA RUSTICA, TOMATE RAMA KG, LECHUGA ICEBERG UD, AGUA MINERAL PACK 6, MANZANA GOLDEN KG"
101229,cliente101229@email.com,personalizado,"CEBOLLA KG, PATATA KG, PASTA ESPAGUETI 500G, LECHE ENTERA BRIK 1L, MANZANA GOLDEN KG"
101230,cliente101230@email.com,personalizado,"GALLETAS MARIA 800G, ARROZ REDONDO 1KG, PASTA ESPAGUETI 500G, CEBOLLA KG, MANZANA GOLDEN KG"
101233,cliente101233@email.com,personalizado,"CEBOLLA KG, LECHE ENTERA BRIK 1L, PATATA KG, TOMATE FRITO 400G, MANZANA GOLDEN KG"
101234,cliente101234@email.com,personalizado,"VINO BLANCO VERDEJO, PAN BARRA RUSTICA, GALLETAS MARIA 800G, TOMATE RAMA KG, YOGUR GRIEGO PACK 4"
101239,cliente101239@email.com,personalizado,"GEL INTIMO 250ML, CREMA HIDRATANTE 200ML, YOGUR GRIEGO PACK 4, NATA COCINA 200ML, PATATA KG"
101242,cliente101242@email.com,personalizado,"CHOCOLATE TABLETA 100G, TORTILLA PATATA REFRIGERADA, SUSHI BANDEJA 12 PIEZAS, LASAÑA BOLOÑESA 400G, PIZZA CUATRO QUESOS"
101252,cliente101252@email.com,personalizado,"PLATANO KG, CEREALES DESAYUNO 500G, PECHUGA POLLO BANDEJA, NARANJA KG, MERLUZA FILETE KG"
101253,cliente101253@email.com,personalizado,"CERVEZA ARTESANA 33CL, CERVEZA PACK 6, PATATAS FRITAS BOLSA 150G, REFRESCO NARANJA 2L, REFRESCO LIMON 2L"
101258,cliente101258@email.com,personalizado,"VINO BLANCO VERDEJO, HARINA TRIGO 1KG, CEREALES DESAYUNO 500G, TOMATE RAMA KG, CACAO SOLUBLE 800G"
101259,cliente101259@email.com,personalizado,"NACHOS 200G, REFRESCO NARANJA 2L, REFRESCO LIMON 2L, TONICA PACK 4, BEBIDA ENERGETICA 50CL"
101262,cliente101262@email.com,personalizado,"HARINA TRIGO 1KG, PAN BARRA RUSTICA, ATUN CLARO PACK 3, TE VERDE 25 BOLSAS, CALDO POLLO PACK"
101265,cliente101265@email.com,personalizado,"LECHUGA ICEBERG UD, PLATANO KG, PECHUGA POLLO BANDEJA, LECHE SEMIDESNATADA 1L, GAMBA FRESCA KG"
101266,cliente101266@email.com,personalizado,"WRAP POLLO PACK 2, ZUMO NARANJA 1L, REFRESCO LIMON 2L, CHICLES PACK 3, AGUA CON GAS 1L"
101267,cliente101267@email.com,personalizado,"LECHE ENTERA BRIK 1L, PAN BARRA RUSTICA, LECHUGA ICEBERG UD, ARROZ REDONDO 1KG, PLATANO KG"
101272,cliente101272@email.com,personalizado,"NACHOS 200G, CERVEZA ARTESANA 33CL, AGUA MINERAL PACK 6, BEBIDA ENERGETICA 50CL, REFRESCO LIMON 2L"
101277,cliente101277@email.com,personalizado,"LECHE SEMIDESNATADA 1L, CEREALES DESAYUNO 500G, PLATANO KG, HARINA TRIGO 1KG, CALDO POLLO PACK"
101278,cliente101278@email.com,personalizado,"REFRESCO COLA 2L, TOMATE FRITO 400G, HARINA TRIGO 1KG, QUESO LONCHAS 200G, MANZANA GOLDEN KG"
101280,cliente101280@email.com,personalizado,"GALLETAS CHOCOLATE 300G, CHOCOLATE TABLETA 100G, REFRESCO NARANJA 2L, VINO TINTO CRIANZA, CHICLES PACK 3"
101283,cliente101283@email.com,personalizado,"VINO BLANCO VERDEJO, HARINA TRIGO 1KG, TOMATE RAMA KG, QUESO LONCHAS 200G, MANZANA GOLDEN KG"
101288,cliente101288@email.com,personalizado,"LECHE INFANTIL CONTINUACION, PAÑALES T5 PACK 40, PATATA KG, TOMATE FRITO 400G, CREMA HIDRATANTE 200ML"
101290,cliente101290@email.com,personalizado,"MANZANA GOLDEN KG, PAÑALES T4 PACK 44, LECHE SEMIDESNATADA 1L, GEL INTIMO 250ML, MANTEQUILLA 250G"
101293,cliente101293@email.com,personalizado,"LECHE ENTERA BRIK 1L, MERMELADA FRESA 350G, MANZANA GOLDEN KG, PAN BARRA RUSTICA, LECHUGA ICEBERG UD"
101296,cliente101296@email.com,personalizado,"SEMILLAS CHIA 250G, PECHUGA POLLO BANDEJA, FILETE TERNERA KG, PIMIENTO ROJO KG, CEREALES DESAYUNO 500G"
101297,cliente101297@email.com,personalizado,"HARINA TRIGO 1KG, ARROZ REDONDO 1KG, TOMATE RAMA KG, GAMBA FRESCA KG, PLATANO KG"
101298,cliente101298@email.com,personalizado,"AZUCAR BLANCO 1KG, CAFE MOLIDO 250G, GALLETAS MARIA 800G, LECHE ENTERA BRIK 1L, HARINA TRIGO 1KG"
101302,cliente101302@email.com,personalizado,"NATA COCINA 200ML, CREMA HIDRATANTE 200ML, MANTEQUILLA 250G, MAQUINILLA AFEITAR PACK 4, HUEVOS DOCENA M"
101303,cliente101303@email.com,personalizado,"VINO BLANCO VERDEJO, TONICA PACK 4, REFRESCO NARANJA 2L, BEBIDA ENERGETICA 50CL, ZUMO NARANJA 1L"
101308,cliente101308@email.com,personalizado,"AGUA MINERAL PACK 6, NACHOS 200G, TONICA PACK 4, REFRESCO LIMON 2L, QUESO CURADO CUÑA 250G"
101310,cliente101310@email.com,personalizado,"LECHE SEMIDESNATADA 1L, CEREALES DESAYUNO 500G, YOGUR GRIEGO PACK 4, NATA COCINA 200ML, CACAO SOLUBLE 800G"
101314,cliente101314@email.com,personalizado,"MANZANA GOLDEN KG, GALLETAS MARIA 800G, PLATANO KG, PECHUGA POLLO BANDEJA, REFRESCO COLA 2L"
101316,cliente101316@email.com,personalizado,"LECHE SEMIDESNATADA 1L, CERVEZA PACK 6, YOGUR GRIEGO PACK 4, MANTEQUILLA 250G, YOGUR NATURAL PACK 4"
101324,cliente101324@email.com,personalizado,"GALLETAS MARIA 800G, CAFE MOLIDO 250G, HARINA TRIGO 1KG, LECHE ENTERA BRIK 1L, ARROZ REDONDO 1KG"
101325,cliente101325@email.com,personalizado,"LECHE INFANTIL CONTINUACION, YOGUR GRIEGO PACK 4, QUESO LONCHAS 200G, MANTEQUILLA 250G, HUEVOS DOCENA M"
101328,cliente101328@email.com,personalizado,"NACHOS 200G, REFRESCO LIMON 2L, VINO TINTO CRIANZA, POLLO ASADO ENTERO, WRAP POLLO PACK 2"
101329,cliente101329@email.com,personalizado,"PAÑALES T5 PACK 40, CREMA PAÑAL 100ML, CREMA HIDRATANTE 200ML, PAÑALES T4 PACK 44, QUESO LONCHAS 200G"
101332,cliente101332@email.com,personalizado,"ACEITUNAS RELLENAS 350G, TONICA PACK 4, PIZZA JAMON Y QUESO, BEBIDA ENERGETICA 50CL, REFRESCO LIMON 2L"
101336,cliente101336@email.com,personalizado,"LIMPIACRISTALES 750ML, DETERGENTE LIQUIDO 30 DOSIS, ARROZ REDONDO 1KG, PILAS AA PACK 8, ACONDICIONADOR 400ML"
101337,cliente101337@email.com,personalizado,"TOMATE RAMA KG, HARINA TRIGO 1KG, REFRESCO COLA 2L, ARROZ REDONDO 1KG, GAMBA FRESCA KG"
101344,cliente101344@email.com,personalizado,"MANZANA GOLDEN KG, PLATANO KG, QUESO LONCHAS 200G, REFRESCO COLA 2L, LECHE SEMIDESNATADA 1L"
101345,cliente101345@email.com,personalizado,"CERVEZA ARTESANA 33CL, TONICA PACK 4, NACHOS 200G, GALLETAS CHOCOLATE 300G, AGUA CON GAS 1L"
101351,cliente101351@email.com,personalizado,"REFRESCO COLA 2L, VINO BLANCO VERDEJO, LECHE SEMIDESNATADA 1L, PATATA KG, QUESO RALLADO 200G"
101352,cliente101352@email.com,personalizado,"ARROZ REDONDO 1KG, PASTA ESPAGUETI 500G, CEBOLLA KG, MANZANA GOLDEN KG, LECHUGA ICEBERG UD"
101354,cliente101354@email.com,personalizado,"PASTA ESPAGUETI 500G, CEBOLLA KG, MANZANA GOLDEN KG, GALLETAS MARIA 800G, PLATANO KG"
101359,cliente101359@email.com,personalizado,"LECHUGA ICEBERG UD, PATATA KG, MANZANA GOLDEN KG, TOMATE RAMA KG, CREMA PAÑAL 100ML"
101362,cliente101362@email.com,personalizado,"AZUCAR BLANCO 1KG, LECHE ENTERA BRIK 1L, TOMATE FRITO 400G, CAFE MOLIDO 250G, GALLETAS MARIA 800G"
101363,cliente101363@email.com,personalizado,"VINO BLANCO VERDEJO, CERVEZA PACK 6, AGUA MINERAL PACK 6, TOMATE RAMA KG, PECHUGA POLLO BANDEJA"
101365,cliente101365@email.com,personalizado,"HARINA TRIGO 1KG, PLATANO KG, GAMBA FRESCA KG, PAN BARRA RUSTICA, PECHUGA POLLO BANDEJA"
101366,cliente101366@email.com,personalizado,"PIZZA CONGELADA 4 ESTACIONES, PIZZA JAMON Y QUESO, CERVEZA ARTESANA 33CL, POLLO ASADO ENTERO, GALLETAS CHOCOLATE 300G"
101367,cliente101367@email.com,personalizado,"PAÑALES T4 PACK 44, PASTA ESPAGUETI 500G, TOMATE FRITO 400G, CREMA HIDRATANTE 200ML, MANZANA GOLDEN KG"
101368,cliente101368@email.com,personalizado,"PAPEL HIGIENICO PACK 12, SUAVIZANTE CONCENTRADO 1.5L, ROLLO COCINA PACK 4, BOLSAS BASURA 30L, VELAS AROMATICAS PACK 3"
101369,cliente101369@email.com,personalizado,"CEREALES DESAYUNO 500G, LENTEJAS PARDINA 1KG, GEL INTIMO 250ML, ROLLO COCINA PACK 4, CREMA HIDRATANTE 200ML"
101371,cliente101371@email.com,personalizado,"NACHOS 200G, ACEITUNAS RELLENAS 350G, ZUMO NARANJA 1L, VINO BLANCO VERDEJO, VINO TINTO CRIANZA"
101372,cliente101372@email.com,personalizado,"REFRESCO COLA 2L, VINO BLANCO VERDEJO, ZANAHORIA KG, PLATANO KG, GAMBA FRESCA KG"
101373,cliente101373@email.com,personalizado,"MERMELADA FRESA 350G, PAPEL HIGIENICO PACK 12, SUAVIZANTE CONCENTRADO 1.5L, TOMATE FRITO 400G, PAPEL ALUMINIO 30M"
101375,cliente101375@email.com,personalizado,"PATATA KG, MANZANA GOLDEN KG, HARINA TRIGO 1KG, SEMILLAS CHIA 250G, PLATANO KG"
101377,cliente101377@email.com,personalizado,"SNACKS PERRO 200G, MANZANA GOLDEN KG, TOMATE RAMA KG, LECHUGA ICEBERG UD, REFRESCO COLA 2L"
101378,cliente101378@email.com,personalizado,"HARINA TRIGO 1KG, CEREALES DESAYUNO 500G, CACAO SOLUBLE 800G, PLATANO KG, CALDO POLLO PACK"
101379,cliente101379@email.com,personalizado,"ARROZ REDONDO 1KG, CEREALES DESAYUNO 500G, PLATANO KG, CACAO SOLUBLE 800G, GAMBA FRESCA KG"
101380,cliente101380@email.com,personalizado,"YOGUR GRIEGO PACK 4, NATA COCINA 200ML, LECHUGA ICEBERG UD, GEL INTIMO 250ML, YOGUR NATURAL PACK 4"
101383,cliente101383@email.com,personalizado,"AZUCAR BLANCO 1KG, LECHE ENTERA BRIK 1L, CAFE MOLIDO 250G, GALLETAS MARIA 800G, PASTA ESPAGUETI 500G"
101387,cliente101387@email.com,personalizado,"QUESO CURADO CUÑA 250G, QUESO LONCHAS 200G, YOGUR GRIEGO PACK 4, PAÑALES T4 PACK 44, HUEVOS DOCENA M"
101391,cliente101391@email.com,personalizado,"CROQUETAS JAMON 500G, PIZZA CONGELADA 4 ESTACIONES, AGUA MINERAL PACK 6, PALOMITAS MICROONDAS PACK 3, TORTILLA PATATA REFRIGERADA"
101392,cliente101392@email.com,personalizado,"CREMA HIDRATANTE 200ML, LECHE SEMIDESNATADA 1L, TOMATE RAMA KG, YOGUR GRIEGO PACK 4, QUESO RALLADO 200G"
101393,cliente101393@email.com,personalizado,"CEBOLLA KG, TOMATE RAMA KG, PLATANO KG, LECHUGA ICEBERG UD, PAN BARRA RUSTICA"
101395,cliente101395@email.com,personalizado,"VINO BLANCO VERDEJO, FRUTOS SECOS MIX 200G, BEBIDA ENERGETICA 50CL, EMPANADA ATUN, TONICA PACK 4"
100343,cliente100343@email.com,personalizado,"QUESO RALLADO 200G, NATA COCINA 200ML, YOGUR NATURAL PACK 4, HUEVOS DOCENA M, QUESO CURADO CUÑA 250G"
101399,cliente101399@email.com,personalizado,"ARROZ REDONDO 1KG, ATUN CLARO PACK 3, ROLLO COCINA PACK 4, LENTEJAS PARDINA 1KG, LIMPIACRISTALES 750ML"
100344,cliente100344@email.com,personalizado,"PAN BARRA RUSTICA, PATATA KG, QUESO CURADO CUÑA 250G, LECHE INFANTIL CONTINUACION, POTITO VERDURA POLLO"
101401,cliente101401@email.com,personalizado,"HARINA TRIGO 1KG, FILM TRANSPARENTE 30M, ARROZ REDONDO 1KG, PASTILLAS LAVAVAJILLAS 40UD, BOLSAS BASURA 30L"
101403,cliente101403@email.com,personalizado,"MAQUINILLA AFEITAR PACK 4, GEL INTIMO 250ML, ESPUMA AFEITAR 200ML, COLONIA 100ML, PASTA DENTIFRICA 75ML"
101409,cliente101409@email.com,personalizado,"SUAVIZANTE CONCENTRADO 1.5L, PAPEL HIGIENICO PACK 12, INSECTICIDA SPRAY, AMBIENTADOR HOGAR, LIMPIACRISTALES 750ML"
101416,cliente101416@email.com,personalizado,"TOMATE FRITO 400G, TOMATE RAMA KG, QUINOA 500G, FILETE TERNERA KG, ZANAHORIA KG"
101418,cliente101418@email.com,personalizado,"PAN BARRA RUSTICA, TOMATE RAMA KG, LECHUGA ICEBERG UD, HARINA TRIGO 1KG, FILETE TERNERA KG"
101420,cliente101420@email.com,personalizado,"QUESO CURADO CUÑA 250G, YOGUR GRIEGO PACK 4, NATA COCINA 200ML, MANTEQUILLA 250G, HUEVOS DOCENA M"
101422,cliente101422@email.com,personalizado,"PATATA KG, CREMA PAÑAL 100ML, LECHE SEMIDESNATADA 1L, MANZANA GOLDEN KG, COLONIA 100ML"
101428,cliente101428@email.com,personalizado,"HARINA TRIGO 1KG, BOLSAS BASURA 30L, ARROZ REDONDO 1KG, GEL INTIMO 250ML, LAVAVAJILLAS MANO 750ML"
101430,cliente101430@email.com,personalizado,"AGUA MINERAL PACK 6, CERVEZA ARTESANA 33CL, REFRESCO NARANJA 2L, AGUA CON GAS 1L, MARISCO CONGELADO 500G"
101432,cliente101432@email.com,personalizado,"PAÑALES T4 PACK 44, PATATA KG, CREMA HIDRATANTE 200ML, TOMATE RAMA KG, MAQUINILLA AFEITAR PACK 4"
101434,cliente101434@email.com,personalizado,"PATATA KG, MANZANA GOLDEN KG, PAN BARRA RUSTICA, TOMATE RAMA KG, LECHUGA ICEBERG UD"
101435,cliente101435@email.com,personalizado,"GAMBA FRESCA KG, PECHUGA POLLO BANDEJA, FILETE TERNERA KG, NARANJA KG, PIMIENTO ROJO KG"
101436,cliente101436@email.com,personalizado,"VINO BLANCO VERDEJO, CEREALES DESAYUNO 500G, AGUA MINERAL PACK 6, NATA COCINA 200ML, MANTEQUILLA 250G"
101437,cliente101437@email.com,personalizado,"EMPANADA ATUN, GALLETAS CHOCOLATE 300G, AGUA CON GAS 1L, ZUMO NARANJA 1L, MARISCO CONGELADO 500G"
101439,cliente101439@email.com,personalizado,"SUAVIZANTE CONCENTRADO 1.5L, FILM TRANSPARENTE 30M, GEL INTIMO 250ML, VELAS AROMATICAS PACK 3, INSECTICIDA SPRAY"
101443,cliente101443@email.com,personalizado,"CAFE MOLIDO 250G, GALLETAS MARIA 800G, LECHE ENTERA BRIK 1L, CEBOLLA KG, GRANOLA BIO 400G"
101449,cliente101449@email.com,personalizado,"LECHE SEMIDESNATADA 1L, YOGUR GRIEGO PACK 4, PECHUGA POLLO BANDEJA, ZANAHORIA KG, MERLUZA FILETE KG"
101450,cliente101450@email.com,personalizado,"ROLLO COCINA PACK 4, HARINA TRIGO 1KG, LAVAVAJILLAS MANO 750ML, LEJIA 2L, AMBIENTADOR HOGAR"
101451,cliente101451@email.com,personalizado,"MANZANA GOLDEN KG, TOMATE RAMA KG, LECHUGA ICEBERG UD, PAN BARRA RUSTICA, QUESO LONCHAS 200G"
101453,cliente101453@email.com,personalizado,"CERVEZA PACK 6, VINO BLANCO VERDEJO, CERVEZA ARTESANA 33CL, ACEITUNAS RELLENAS 350G, NACHOS 200G"
101463,cliente101463@email.com,personalizado,"HARINA TRIGO 1KG, LECHE ENTERA BRIK 1L, ARROZ REDONDO 1KG, PASTILLAS LAVAVAJILLAS 40UD, BOLSAS BASURA 30L"
101465,cliente101465@email.com,personalizado,"LECHE SEMIDESNATADA 1L, MANZANA GOLDEN KG, QUESO RALLADO 200G, MANTEQUILLA 250G, YOGUR NATURAL PACK 4"
101466,cliente101466@email.com,personalizado,"ARROZ REDONDO 1KG, LECHE SEMIDESNATADA 1L, CEREALES DESAYUNO 500G, FILETE TERNERA KG, CACAO SOLUBLE 800G"
101467,cliente101467@email.com,personalizado,"TOMATE FRITO 400G, ARROZ REDONDO 1KG, PATATA KG, QUESO RALLADO 200G, MANZANA GOLDEN KG"
101468,cliente101468@email.com,personalizado,"WRAP POLLO PACK 2, TORTILLA PATATA REFRIGERADA, MARISCO CONGELADO 500G, GUISANTES CONGELADOS 1KG, CROQUETAS CONGELADAS 1KG"
101469,cliente101469@email.com,personalizado,"HARINA TRIGO 1KG, LECHE ENTERA BRIK 1L, ARROZ REDONDO 1KG, GEL INTIMO 250ML, PASTILLAS LAVAVAJILLAS 40UD"
101471,cliente101471@email.com,personalizado,"TOMATE RAMA KG, MANZANA GOLDEN KG, LECHE SEMIDESNATADA 1L, QUESO RALLADO 200G, ARROZ REDONDO 1KG"
101472,cliente101472@email.com,personalizado,"PAÑALES T5 PACK 40, TOALLITAS BEBE PACK 3, PAÑALES T4 PACK 44, GEL INTIMO 250ML, CREMA HIDRATANTE 200ML"
101474,cliente101474@email.com,personalizado,"NATA COCINA 200ML, ATUN CLARO PACK 3, QUESO CURADO CUÑA 250G, MACARRONES 500G, CERVEZA PACK 6"
101475,cliente101475@email.com,personalizado,"NACHOS 200G, TONICA PACK 4, REFRESCO NARANJA 2L, REFRESCO LIMON 2L, ZUMO NARANJA 1L"
101476,cliente101476@email.com,personalizado,"PAÑALES T5 PACK 40, CREMA PAÑAL 100ML, PAÑALES T4 PACK 44, GEL INTIMO 250ML, MAQUINILLA AFEITAR PACK 4"
101480,cliente101480@email.com,personalizado,"PATATA KG, LECHUGA ICEBERG UD, CALDO POLLO PACK, PECHUGA POLLO BANDEJA, QUESO LONCHAS 200G"
101484,cliente101484@email.com,personalizado,"YOGUR GRIEGO PACK 4, QUESO RALLADO 200G, LECHUGA ICEBERG UD, HUEVOS DOCENA M, YOGUR NATURAL PACK 4"
101489,cliente101489@email.com,personalizado,"LECHUGA ICEBERG UD, TOMATE RAMA KG, PATATA KG, LECHE INFANTIL CONTINUACION, PAÑALES T5 PACK 40"
101490,cliente101490@email.com,personalizado,"PAN BARRA RUSTICA, CEBOLLA KG, GAMBA FRESCA KG, MANZANA GOLDEN KG, ZANAHORIA KG"
101494,cliente101494@email.com,personalizado,"PAN BARRA RUSTICA, LECHUGA ICEBERG UD, VINO BLANCO VERDEJO, ZANAHORIA KG, NARANJA KG"
101496,cliente101496@email.com,personalizado,"PASTA ESPAGUETI 500G, PAN BARRA RUSTICA, PAÑALES T4 PACK 44, HUEVOS DOCENA M, MANTEQUILLA 250G"
101503,cliente101503@email.com,personalizado,"MANZANA GOLDEN KG, TOMATE RAMA KG, LECHE AVENA 1L, GRANOLA BIO 400G, GAMBA FRESCA KG"
101507,cliente101507@email.com,personalizado,"NATA COCINA 200ML, QUESO RALLADO 200G, MANTEQUILLA 250G, YOGUR NATURAL PACK 4, PLATANO KG"
101511,cliente101511@email.com,personalizado,"PATATA KG, MANZANA GOLDEN KG, TOMATE RAMA KG, LECHUGA ICEBERG UD, PAÑALES T5 PACK 40"
101514,cliente101514@email.com,personalizado,"CHOCOLATE TABLETA 100G, SUSHI BANDEJA 12 PIEZAS, GUISANTES CONGELADOS 1KG, FRIEGASUELOS 1.5L, VERDURA WOK CONGELADA 750G"
101515,cliente101515@email.com,personalizado,"LECHE ENTERA BRIK 1L, PLATANO KG, MANZANA GOLDEN KG, LECHE SEMIDESNATADA 1L, QUESO LONCHAS 200G"
101516,cliente101516@email.com,personalizado,"GEL INTIMO 250ML, MAQUINILLA AFEITAR PACK 4, PAÑALES T4 PACK 44, YOGUR GRIEGO PACK 4, COLONIA 100ML"
101519,cliente101519@email.com,personalizado,"TOMATE RAMA KG, GAMBA FRESCA KG, ARROZ REDONDO 1KG, AGUA MINERAL PACK 6, PATATAS FRITAS BOLSA 150G"
101520,cliente101520@email.com,personalizado,"AGUA MINERAL PACK 6, CERVEZA ARTESANA 33CL, ACEITUNAS RELLENAS 350G, PATATAS FRITAS BOLSA 150G, TONICA PACK 4"
101526,cliente101526@email.com,personalizado,"MAQUINILLA AFEITAR PACK 4, GEL INTIMO 250ML, INSECTICIDA SPRAY, ESPUMA AFEITAR 200ML, LEJIA 2L"
101527,cliente101527@email.com,personalizado,"TOMATE FRITO 400G, PASTA ESPAGUETI 500G, QUESO LONCHAS 200G, MANZANA GOLDEN KG, TOMATE RAMA KG"
101529,cliente101529@email.com,personalizado,"LECHE SEMIDESNATADA 1L, QUESO RALLADO 200G, YOGUR GRIEGO PACK 4, CEREALES DESAYUNO 500G, ZANAHORIA KG"
101537,cliente101537@email.com,personalizado,"NARANJA KG, LENTEJAS PARDINA 1KG, MACARRONES 500G, NATA COCINA 200ML, CERVEZA ARTESANA 33CL"
101541,cliente101541@email.com,personalizado,"MANZANA GOLDEN KG, PLATANO KG, PECHUGA POLLO BANDEJA, ARROZ REDONDO 1KG, GAMBA FRESCA KG"
101543,cliente101543@email.com,personalizado,"GALLETAS MARIA 800G, HARINA TRIGO 1KG, MANZANA GOLDEN KG, LECHUGA ICEBERG UD, PECHUGA POLLO BANDEJA"
101544,cliente101544@email.com,personalizado,"AZUCAR BLANCO 1KG, HAMBURGUESA VEGETAL PACK 2, GRANOLA BIO 400G, QUINOA 500G, TOFU NATURAL 250G"
101545,cliente101545@email.com,personalizado,"CEREALES DESAYUNO 500G, GAMBA FRESCA KG, LECHE SEMIDESNATADA 1L, PIMIENTO ROJO KG, TE VERDE 25 BOLSAS"
101546,cliente101546@email.com,personalizado,"QUESO CURADO CUÑA 250G, PAN BARRA RUSTICA, ZANAHORIA KG, VINO BLANCO VERDEJO, GAMBA FRESCA KG"
101550,cliente101550@email.com,personalizado,"LAVAVAJILLAS MANO 750ML, LEJIA 2L, AMBIENTADOR HOGAR, ARROZ REDONDO 1KG, SERVILLETAS PACK 100"
101552,cliente101552@email.com,personalizado,"PASTA ESPAGUETI 500G, CEBOLLA KG, HARINA TRIGO 1KG, ARROZ REDONDO 1KG, TOMATE RAMA KG"
101553,cliente101553@email.com,personalizado,"PASTA ESPAGUETI 500G, PATATA KG, QUESO LONCHAS 200G, TOMATE RAMA KG, LECHUGA ICEBERG UD"
101555,cliente101555@email.com,personalizado,"GEL INTIMO 250ML, CREMA HIDRATANTE 200ML, MAQUINILLA AFEITAR PACK 4, QUESO CURADO CUÑA 250G, QUESO LONCHAS 200G"
101561,cliente101561@email.com,personalizado,"GALLETAS CHOCOLATE 300G, TONICA PACK 4, POLLO ASADO ENTERO, BEBIDA ENERGETICA 50CL, AGUA CON GAS 1L"
101562,cliente101562@email.com,personalizado,"PASTA ESPAGUETI 500G, MANZANA GOLDEN KG, ARROZ REDONDO 1KG, PAN BARRA RUSTICA, QUESO LONCHAS 200G"
101565,cliente101565@email.com,personalizado,"MANTEQUILLA 250G, YOGUR NATURAL PACK 4, HUEVOS DOCENA M, PECHUGA POLLO BANDEJA, ZANAHORIA KG"
101566,cliente101566@email.com,personalizado,"AZUCAR BLANCO 1KG, FRIEGASUELOS 1.5L, FRUTOS SECOS MIX 200G, LECHE ENTERA BRIK 1L, CAFE MOLIDO 250G"
101567,cliente101567@email.com,personalizado,"ATUN CLARO PACK 3, PAN BARRA RUSTICA, SALMON FRESCO KG, CERVEZA ARTESANA 33CL, PIMIENTO ROJO KG"
101571,cliente101571@email.com,personalizado,"MERMELADA FRESA 350G, HARINA TRIGO 1KG, PAPEL HIGIENICO PACK 12, SUAVIZANTE CONCENTRADO 1.5L, PAPEL ALUMINIO 30M"
101573,cliente101573@email.com,personalizado,"QUESO RALLADO 200G, PECHUGA POLLO BANDEJA, ZANAHORIA KG, FILETE TERNERA KG, CACAO SOLUBLE 800G"
101578,cliente101578@email.com,personalizado,"PASTA ESPAGUETI 500G, CEBOLLA KG, BEBIDA SOJA 1L, PATATA KG, TOFU NATURAL 250G"
101581,cliente101581@email.com,personalizado,"FILETE TERNERA KG, NARANJA KG, PIMIENTO ROJO KG, ATUN CLARO PACK 3, CACAO SOLUBLE 800G"
101584,cliente101584@email.com,personalizado,"GEL INTIMO 250ML, CREMA HIDRATANTE 200ML, CEBOLLA KG, MERMELADA FRESA 350G, PATATA KG"
101586,cliente101586@email.com,personalizado,"TONICA PACK 4, REFRESCO NARANJA 2L, REFRESCO LIMON 2L, ZUMO NARANJA 1L, AGUA CON GAS 1L"
101587,cliente101587@email.com,personalizado,"VINO BLANCO VERDEJO, TONICA PACK 4, ZUMO NARANJA 1L, REFRESCO LIMON 2L, BEBIDA ENERGETICA 50CL"
101589,cliente101589@email.com,personalizado,"MANTEQUILLA 250G, HUEVOS DOCENA M, MAQUINILLA AFEITAR PACK 4, COLONIA 100ML, ESPUMA AFEITAR 200ML"
101590,cliente101590@email.com,personalizado,"GALLETAS MARIA 800G, HARINA TRIGO 1KG, GAMBA FRESCA KG, ARROZ REDONDO 1KG, ZANAHORIA KG"
101593,cliente101593@email.com,personalizado,"POLLO ASADO ENTERO, CHOCOLATE TABLETA 100G, VINO TINTO CRIANZA, GUISANTES CONGELADOS 1KG, PAN BARRA RUSTICA"
101598,cliente101598@email.com,personalizado,"TOMATE RAMA KG, MANZANA GOLDEN KG, PAN BARRA RUSTICA, GAMBA FRESCA KG, HARINA TRIGO 1KG"
101599,cliente101599@email.com,personalizado,"GRANOLA BIO 400G, SEMILLAS CHIA 250G, GALLETAS MARIA 800G, PAN BARRA RUSTICA, TOMATE RAMA KG"
101601,cliente101601@email.com,personalizado,"HARINA TRIGO 1KG, GAMBA FRESCA KG, QUESO RALLADO 200G, LECHE SEMIDESNATADA 1L, SALMON FRESCO KG"
101602,cliente101602@email.com,personalizado,"CERVEZA PACK 6, NACHOS 200G, REFRESCO LIMON 2L, BEBIDA ENERGETICA 50CL, ZUMO NARANJA 1L"
101605,cliente101605@email.com,personalizado,"TOMATE FRITO 400G, MANZANA GOLDEN KG, GALLETAS MARIA 800G, HARINA TRIGO 1KG, PAN BARRA RUSTICA"
101606,cliente101606@email.com,personalizado,"MANTEQUILLA 250G, CREMA HIDRATANTE 200ML, YOGUR NATURAL PACK 4, TOMATE RAMA KG, MANZANA GOLDEN KG"
101607,cliente101607@email.com,personalizado,"FRUTOS SECOS MIX 200G, CERVEZA ARTESANA 33CL, GALLETAS CHOCOLATE 300G, REFRESCO LIMON 2L, BEBIDA ENERGETICA 50CL"
101610,cliente101610@email.com,personalizado,"REFRESCO COLA 2L, VINO BLANCO VERDEJO, AGUA MINERAL PACK 6, CERVEZA ARTESANA 33CL, REFRESCO LIMON 2L"
101614,cliente101614@email.com,personalizado,"PAN BARRA RUSTICA, VINO TINTO CRIANZA, AGUA CON GAS 1L, QUESO CURADO CUÑA 250G, MARISCO CONGELADO 500G"
101618,cliente101618@email.com,personalizado,"PASTA ESPAGUETI 500G, MANZANA GOLDEN KG, TOMATE RAMA KG, LECHUGA ICEBERG UD, PAN BARRA RUSTICA"
101623,cliente101623@email.com,personalizado,"LECHUGA ICEBERG UD, TOMATE FRITO 400G, PECHUGA POLLO BANDEJA, ZANAHORIA KG, PAN BARRA RUSTICA"
101625,cliente101625@email.com,personalizado,"PASTA ESPAGUETI 500G, LECHUGA ICEBERG UD, HARINA TRIGO 1KG, GALLETAS MARIA 800G, ARROZ REDONDO 1KG"
101626,cliente101626@email.com,personalizado,"CEBOLLA KG, LECHE ENTERA BRIK 1L, TOMATE FRITO 400G, PATATA KG, MANZANA GOLDEN KG"
101630,cliente101630@email.com,personalizado,"CHAMPU MASCOTAS 250ML, HARINA TRIGO 1KG, ARROZ REDONDO 1KG, TOMATE RAMA KG, PAN BARRA RUSTICA"
101634,cliente101634@email.com,personalizado,"VINO BLANCO VERDEJO, PAN BARRA RUSTICA, CERVEZA ARTESANA 33CL, MANZANA GOLDEN KG, PLATANO KG"
101638,cliente101638@email.com,personalizado,"FILM TRANSPARENTE 30M, BOLSAS BASURA 30L, ESPUMA AFEITAR 200ML, PASTILLAS LAVAVAJILLAS 40UD, LEJIA 2L"
101639,cliente101639@email.com,personalizado,"GALLETAS MARIA 800G, QUINOA 500G, SEMILLAS CHIA 250G, PASTA ESPAGUETI 500G, ARROZ REDONDO 1KG"
101642,cliente101642@email.com,personalizado,"HARINA TRIGO 1KG, PATATA KG, PASTA ESPAGUETI 500G, GAMBA FRESCA KG, PECHUGA POLLO BANDEJA"
101643,cliente101643@email.com,personalizado,"PAN BARRA RUSTICA, CEBOLLA KG, YOGUR GRIEGO PACK 4, NATA COCINA 200ML, REFRESCO LIMON 2L"
101644,cliente101644@email.com,personalizado,"CEBOLLA KG, PATATA KG, PAN BARRA RUSTICA, MANZANA GOLDEN KG, TOMATE RAMA KG"
101645,cliente101645@email.com,personalizado,"HAMBURGUESA VEGETAL PACK 2, LECHE AVENA 1L, TOFU NATURAL 250G, QUINOA 500G, PATATA KG"
101648,cliente101648@email.com,personalizado,"LECHE ENTERA BRIK 1L, CEBOLLA KG, PATATA KG, PLATANO KG, LECHE SEMIDESNATADA 1L"
101650,cliente101650@email.com,personalizado,"POTITO FRUTA VARIADA, CHUPETE PACK 2, LECHE INFANTIL CONTINUACION, PAÑALES T5 PACK 40, POTITO VERDURA POLLO"
101652,cliente101652@email.com,personalizado,"PATATA KG, CEREALES DESAYUNO 500G, LECHUGA ICEBERG UD, PAN BARRA RUSTICA, GAMBA FRESCA KG"
101653,cliente101653@email.com,personalizado,"CEBOLLA KG, PASTA ESPAGUETI 500G, TOMATE FRITO 400G, MANZANA GOLDEN KG, ARROZ REDONDO 1KG"
101658,cliente101658@email.com,personalizado,"PATATAS FRITAS BOLSA 150G, BEBIDA ENERGETICA 50CL, REFRESCO NARANJA 2L, ZUMO NARANJA 1L, WRAP POLLO PACK 2"
101660,cliente101660@email.com,personalizado,"MANTEQUILLA 250G, HUEVOS DOCENA M, YOGUR NATURAL PACK 4, PATATA KG, MANZANA GOLDEN KG"
101662,cliente101662@email.com,personalizado,"AZUCAR BLANCO 1KG, LECHE ENTERA BRIK 1L, LECHE AVENA 1L, GRANOLA BIO 400G, HARINA TRIGO 1KG"
101663,cliente101663@email.com,personalizado,"FRUTOS SECOS MIX 200G, TONICA PACK 4, WRAP POLLO PACK 2, VINO TINTO CRIANZA, TORTILLA PATATA REFRIGERADA"
101666,cliente101666@email.com,personalizado,"GAMBA FRESCA KG, LECHE SEMIDESNATADA 1L, NATA COCINA 200ML, AGUA MINERAL PACK 6, MANTEQUILLA 250G"
101669,cliente101669@email.com,personalizado,"MANZANA GOLDEN KG, LECHUGA ICEBERG UD, LECHE INFANTIL CONTINUACION, TOMATE RAMA KG, PAÑALES T5 PACK 40"
101671,cliente101671@email.com,personalizado,"CEBOLLA KG, PATATA KG, PASTA ESPAGUETI 500G, LECHE ENTERA BRIK 1L, TOMATE RAMA KG"
101673,cliente101673@email.com,personalizado,"ARENA GATO 5L, CAFE MOLIDO 250G, GALLETAS MARIA 800G, FRIEGASUELOS 1.5L, PASTA ESPAGUETI 500G"
101677,cliente101677@email.com,personalizado,"LECHE ENTERA BRIK 1L, TOMATE RAMA KG, LECHUGA ICEBERG UD, QUESO LONCHAS 200G, LECHE SEMIDESNATADA 1L"
101678,cliente101678@email.com,personalizado,"LECHE INFANTIL CONTINUACION, PASTA ESPAGUETI 500G, PATATA KG, MANZANA GOLDEN KG, LECHUGA ICEBERG UD"
101680,cliente101680@email.com,personalizado,"EMPANADA ATUN, CERVEZA ARTESANA 33CL, TONICA PACK 4, PIZZA CONGELADA 4 ESTACIONES, REFRESCO LIMON 2L"
101681,cliente101681@email.com,personalizado,"CAFE MOLIDO 250G, GALLETAS MARIA 800G, PAPEL HIGIENICO PACK 12, FILM TRANSPARENTE 30M, SUAVIZANTE CONCENTRADO 1.5L"
101683,cliente101683@email.com,personalizado,"TOMATE RAMA KG, PAN BARRA RUSTICA, REFRESCO COLA 2L, PLATANO KG, NARANJA KG"
101687,cliente101687@email.com,personalizado,"GEL INTIMO 250ML, MAQUINILLA AFEITAR PACK 4, ROLLO COCINA PACK 4, LEJIA 2L, LAVAVAJILLAS MANO 750ML"
101690,cliente101690@email.com,personalizado,"CEBOLLA KG, HAMBURGUESA VEGETAL PACK 2, PATATA KG, GRANOLA BIO 400G, LECHE ENTERA BRIK 1L"
101696,cliente101696@email.com,personalizado,"ZUMO NARANJA 1L, VINO TINTO CRIANZA, POLLO ASADO ENTERO, WRAP POLLO PACK 2, CHICLES PACK 3"
101697,cliente101697@email.com,personalizado,"GAMBA FRESCA KG, PECHUGA POLLO BANDEJA, QUESO LONCHAS 200G, CEREALES DESAYUNO 500G, QUESO RALLADO 200G"
101701,cliente101701@email.com,personalizado,"LECHE INFANTIL CONTINUACION, POTITO VERDURA POLLO, QUESO LONCHAS 200G, CEBOLLA KG, CARNE PICADA MIXTA 500G"
101708,cliente101708@email.com,personalizado,"LECHE ENTERA BRIK 1L, QUESO LONCHAS 200G, PATATA KG, CREMA HIDRATANTE 200ML, MAQUINILLA AFEITAR PACK 4"
101709,cliente101709@email.com,personalizado,"VINO BLANCO VERDEJO, AGUA MINERAL PACK 6, PAN BARRA RUSTICA, CEBOLLA KG, CEREALES DESAYUNO 500G"
101710,cliente101710@email.com,personalizado,"REFRESCO COLA 2L, QUESO LONCHAS 200G, PLATANO KG, FILETE TERNERA KG, ZANAHORIA KG"
101714,cliente101714@email.com,personalizado,"CERVEZA PACK 6, ACEITUNAS RELLENAS 350G, PATATAS FRITAS BOLSA 150G, NACHOS 200G, AGUA MINERAL PACK 6"
101715,cliente101715@email.com,personalizado,"PAN BARRA RUSTICA, VINO BLANCO VERDEJO, HARINA TRIGO 1KG, ZANAHORIA KG, NARANJA KG"
101718,cliente101718@email.com,personalizado,"HARINA TRIGO 1KG, ARROZ REDONDO 1KG, QUINOA 500G, PASTA ESPAGUETI 500G, PATATA KG"
101720,cliente101720@email.com,personalizado,"LECHE ENTERA BRIK 1L, TOMATE FRITO 400G, GEL INTIMO 250ML, BOMBILLA LED PACK 2, PAPEL HIGIENICO PACK 12"
101723,cliente101723@email.com,personalizado,"QUESO LONCHAS 200G, PATATA KG, PASTA ESPAGUETI 500G, MANZANA GOLDEN KG, LECHUGA ICEBERG UD"
101727,cliente101727@email.com,personalizado,"PAN BARRA RUSTICA, CEBOLLA KG, TOFU NATURAL 250G, QUINOA 500G, GALLETAS MARIA 800G"
101728,cliente101728@email.com,personalizado,"TONICA PACK 4, REFRESCO NARANJA 2L, BEBIDA ENERGETICA 50CL, ZUMO NARANJA 1L, AGUA CON GAS 1L"
101731,cliente101731@email.com,personalizado,"VINO BLANCO VERDEJO, YOGUR GRIEGO PACK 4, QUESO RALLADO 200G, PECHUGA POLLO BANDEJA, ZANAHORIA KG"
101733,cliente101733@email.com,personalizado,"CERVEZA ARTESANA 33CL, BEBIDA ENERGETICA 50CL, HELADO CHOCOLATE 1L, REFRESCO NARANJA 2L, TONICA PACK 4"
101734,cliente101734@email.com,personalizado,"REFRESCO COLA 2L, ATUN CLARO PACK 3, MANZANA GOLDEN KG, CERVEZA ARTESANA 33CL, PECHUGA POLLO BANDEJA"
101735,cliente101735@email.com,personalizado,"ENSALADA CESAR PREPARADA, TORTILLA PATATA REFRIGERADA, QUESO CURADO CUÑA 250G, CHOCOLATE TABLETA 100G, AGUA CON GAS 1L"
101739,cliente101739@email.com,personalizado,"HARINA TRIGO 1KG, ARROZ REDONDO 1KG, MAQUINILLA AFEITAR PACK 4, DETERGENTE LIQUIDO 30 DOSIS, CEREALES DESAYUNO 500G"
101741,cliente101741@email.com,personalizado,"JUGUETE PERRO, PIENSO PERRO 4KG, COMIDA HUMEDA PERRO PACK 4, PIENSO GATO 2KG, SNACKS PERRO 200G"
101742,cliente101742@email.com,personalizado,"ARROZ REDONDO 1KG, VINO BLANCO VERDEJO, NATA COCINA 200ML, QUESO CURADO CUÑA 250G, TE VERDE 25 BOLSAS"
101746,cliente101746@email.com,personalizado,"HARINA TRIGO 1KG, ARROZ REDONDO 1KG, BOMBILLA LED PACK 2, PAPEL ALUMINIO 30M, CEREALES DESAYUNO 500G"
101749,cliente101749@email.com,personalizado,"LECHE INFANTIL CONTINUACION, POTITO FRUTA VARIADA, PAÑALES T5 PACK 40, CREMA PAÑAL 100ML, PAÑALES T4 PACK 44"
101750,cliente101750@email.com,personalizado,"GALLETAS CHOCOLATE 300G, POLLO ASADO ENTERO, AGUA CON GAS 1L, VINO TINTO CRIANZA, WRAP POLLO PACK 2"
101751,cliente101751@email.com,personalizado,"HARINA TRIGO 1KG, ARROZ REDONDO 1KG, TOMATE FRITO 400G, LECHE ENTERA BRIK 1L, MANZANA GOLDEN KG"
101752,cliente101752@email.com,personalizado,"LECHE INFANTIL CONTINUACION, MANZANA GOLDEN KG, LECHUGA ICEBERG UD, TOMATE RAMA KG, PECHUGA POLLO BANDEJA"
101755,cliente101755@email.com,personalizado,"AGUA CON GAS 1L, CHOCOLATE TABLETA 100G, TORTILLA PATATA REFRIGERADA, CHICLES PACK 3, SUSHI BANDEJA 12 PIEZAS"
101758,cliente101758@email.com,personalizado,"REFRESCO NARANJA 2L, POLLO ASADO ENTERO, MARISCO CONGELADO 500G, CHICLES PACK 3, GUISANTES CONGELADOS 1KG"
101760,cliente101760@email.com,personalizado,"MARISCO CONGELADO 500G, GUISANTES CONGELADOS 1KG, CHICLES PACK 3, CROQUETAS CONGELADAS 1KG, QUESO CURADO CUÑA 250G"
101762,cliente101762@email.com,personalizado,"LECHE ENTERA BRIK 1L, ARROZ REDONDO 1KG, PLATANO KG, MANZANA GOLDEN KG, TOMATE RAMA KG"
101765,cliente101765@email.com,personalizado,"CAFE MOLIDO 250G, GALLETAS MARIA 800G, AZUCAR BLANCO 1KG, LECHE ENTERA BRIK 1L, HARINA TRIGO 1KG"
101769,cliente101769@email.com,personalizado,"TOMATE FRITO 400G, PASTA ESPAGUETI 500G, MANZANA GOLDEN KG, TOMATE RAMA KG, PAN BARRA RUSTICA"
101770,cliente101770@email.com,personalizado,"HARINA TRIGO 1KG, ARROZ REDONDO 1KG, CALDO POLLO PACK, PATATA KG, MIEL PURA 500G"
101775,cliente101775@email.com,personalizado,"PAN BARRA RUSTICA, ZANAHORIA KG, QUESO RALLADO 200G, GAMBA FRESCA KG, PECHUGA POLLO BANDEJA"
101776,cliente101776@email.com,personalizado,"LECHUGA ICEBERG UD, GRANOLA BIO 400G, GAMBA FRESCA KG, FILETE TERNERA KG, SALMON FRESCO KG"
101777,cliente101777@email.com,personalizado,"GALLETAS MARIA 800G, CAFE MOLIDO 250G, HARINA TRIGO 1KG, ARROZ REDONDO 1KG, LECHE ENTERA BRIK 1L"
101781,cliente101781@email.com,personalizado,"ACEITUNAS RELLENAS 350G, PATATAS FRITAS BOLSA 150G, AGUA MINERAL PACK 6, TONICA PACK 4, REFRESCO NARANJA 2L"
101783,cliente101783@email.com,personalizado,"HARINA TRIGO 1KG, TOMATE RAMA KG, LECHUGA ICEBERG UD, CEREALES DESAYUNO 500G, PAN BARRA RUSTICA"
101785,cliente101785@email.com,personalizado,"REFRESCO NARANJA 2L, POLLO ASADO ENTERO, ENSALADA CESAR PREPARADA, GUISANTES CONGELADOS 1KG, CHICLES PACK 3"
101787,cliente101787@email.com,personalizado,"PASTA ESPAGUETI 500G, TOMATE FRITO 400G, CEBOLLA KG, PATATA KG, MANZANA GOLDEN KG"
101788,cliente101788@email.com,personalizado,"PASTA ESPAGUETI 500G, MANZANA GOLDEN KG, HARINA TRIGO 1KG, LECHUGA ICEBERG UD, PAN BARRA RUSTICA"
101792,cliente101792@email.com,personalizado,"AGUA MINERAL PACK 6, CERVEZA PACK 6, CERVEZA ARTESANA 33CL, NACHOS 200G, REFRESCO NARANJA 2L"
101793,cliente101793@email.com,personalizado,"ARROZ REDONDO 1KG, CEREALES DESAYUNO 500G, PLATANO KG, VINO BLANCO VERDEJO, LECHE ENTERA BRIK 1L"
101800,cliente101800@email.com,personalizado,"CHOCOLATE TABLETA 100G, VINO TINTO CRIANZA, MARISCO CONGELADO 500G, SUSHI BANDEJA 12 PIEZAS, LASAÑA BOLOÑESA 400G"
101806,cliente101806@email.com,personalizado,"PLATANO KG, GAMBA FRESCA KG, SEMILLAS CHIA 250G, MERLUZA FILETE KG, QUESO RALLADO 200G"
101807,cliente101807@email.com,personalizado,"LECHUGA ICEBERG UD, GALLETAS MARIA 800G, LECHE SEMIDESNATADA 1L, HARINA TRIGO 1KG, QUESO RALLADO 200G"
101809,cliente101809@email.com,personalizado,"PAN BARRA RUSTICA, CAFE MOLIDO 250G, CEBOLLA KG, PATATA KG, GALLETAS MARIA 800G"
101817,cliente101817@email.com,personalizado,"VINO BLANCO VERDEJO, PLATANO KG, CEREALES DESAYUNO 500G, AGUA MINERAL PACK 6, ZANAHORIA KG"
101819,cliente101819@email.com,personalizado,"PASTILLAS LAVAVAJILLAS 40UD, DETERGENTE LIQUIDO 30 DOSIS, MAQUINILLA AFEITAR PACK 4, COLONIA 100ML, ESPUMA AFEITAR 200ML"
101820,cliente101820@email.com,personalizado,"AZUCAR BLANCO 1KG, LECHE ENTERA BRIK 1L, CAFE MOLIDO 250G, GALLETAS MARIA 800G, FRIEGASUELOS 1.5L"
101822,cliente101822@email.com,personalizado,"CEREALES DESAYUNO 500G, CACAO SOLUBLE 800G, QUESO LONCHAS 200G, LECHE SEMIDESNATADA 1L, MIEL PURA 500G"
101824,cliente101824@email.com,personalizado,"QUESO CURADO CUÑA 250G, CREMA HIDRATANTE 200ML, PAÑALES T5 PACK 40, PAN BARRA RUSTICA, YOGUR GRIEGO PACK 4"
101826,cliente101826@email.com,personalizado,"PATATA KG, PASTA ESPAGUETI 500G, QUESO LONCHAS 200G, POTITO VERDURA POLLO, MANZANA GOLDEN KG"
101830,cliente101830@email.com,personalizado,"REFRESCO COLA 2L, HARINA TRIGO 1KG, ARROZ REDONDO 1KG, TOMATE RAMA KG, LECHUGA ICEBERG UD"
101833,cliente101833@email.com,personalizado,"PAPEL ALUMINIO 30M, VELAS AROMATICAS PACK 3, LAVAVAJILLAS MANO 750ML, LECHE ENTERA BRIK 1L, PASTILLAS LAVAVAJILLAS 40UD"
101838,cliente101838@email.com,personalizado,"TOMATE FRITO 400G, GEL INTIMO 250ML, PAÑALES T5 PACK 40, CREMA HIDRATANTE 200ML, LECHE SEMIDESNATADA 1L"
101841,cliente101841@email.com,personalizado,"TOMATE FRITO 400G, CARNE PICADA MIXTA 500G, PASTA ESPAGUETI 500G, CEBOLLA KG, PATATA KG"
101844,cliente101844@email.com,personalizado,"LECHE SEMIDESNATADA 1L, QUESO CURADO CUÑA 250G, NATA COCINA 200ML, QUESO LONCHAS 200G, YOGUR NATURAL PACK 4"
101848,cliente101848@email.com,personalizado,"TOMATE RAMA KG, PLATANO KG, GAMBA FRESCA KG, HARINA TRIGO 1KG, PECHUGA POLLO BANDEJA"
101853,cliente101853@email.com,personalizado,"PASTA ESPAGUETI 500G, TOMATE RAMA KG, PLATANO KG, QUESO LONCHAS 200G, LECHE SEMIDESNATADA 1L"
101864,cliente101864@email.com,personalizado,"COMIDA GATO LATA PACK 6, HARINA TRIGO 1KG, FRIEGASUELOS 1.5L, MANZANA GOLDEN KG, PAN BARRA RUSTICA"
101866,cliente101866@email.com,personalizado,"GAMBA FRESCA KG, HARINA TRIGO 1KG, NARANJA KG, ARROZ REDONDO 1KG, PIMIENTO ROJO KG"
101869,cliente101869@email.com,personalizado,"PATATA KG, LECHE ENTERA BRIK 1L, MANZANA GOLDEN KG, LECHUGA ICEBERG UD, ARROZ REDONDO 1KG"
101872,cliente101872@email.com,personalizado,"ARROZ REDONDO 1KG, HARINA TRIGO 1KG, PECHUGA POLLO BANDEJA, NARANJA KG, FILETE TERNERA KG"
101878,cliente101878@email.com,personalizado,"VINO BLANCO VERDEJO, QUESO LONCHAS 200G, ZANAHORIA KG, LECHE SEMIDESNATADA 1L, QUESO RALLADO 200G"
101879,cliente101879@email.com,personalizado,"TE VERDE 25 BOLSAS, QUESO LONCHAS 200G, FILETE TERNERA KG, FRIEGASUELOS 1.5L, GAMBA FRESCA KG"
101880,cliente101880@email.com,personalizado,"PIZZA CONGELADA 4 ESTACIONES, GALLETAS CHOCOLATE 300G, WRAP POLLO PACK 2, CHOCOLATE TABLETA 100G, POLLO ASADO ENTERO"
101882,cliente101882@email.com,personalizado,"CEBOLLA KG, SEMILLAS CHIA 250G, GAMBA FRESCA KG, FILETE TERNERA KG, MERLUZA FILETE KG"
101883,cliente101883@email.com,personalizado,"LECHE SEMIDESNATADA 1L, HARINA TRIGO 1KG, VINO BLANCO VERDEJO, CEREALES DESAYUNO 500G, FILETE TERNERA KG"
101884,cliente101884@email.com,personalizado,"GEL INTIMO 250ML, TOMATE FRITO 400G, FILM TRANSPARENTE 30M, CREMA HIDRATANTE 200ML, PAPEL ALUMINIO 30M"
101885,cliente101885@email.com,personalizado,"HARINA TRIGO 1KG, TOMATE FRITO 400G, ARROZ REDONDO 1KG, CHAMPU MASCOTAS 250ML, MANZANA GOLDEN KG"
101886,cliente101886@email.com,personalizado,"LEJIA 2L, COLONIA 100ML, PASTA DENTIFRICA 75ML, TOMATE FRITO 400G, ARROZ REDONDO 1KG"
101887,cliente101887@email.com,personalizado,"ACEITUNAS RELLENAS 350G, CERVEZA ARTESANA 33CL, TONICA PACK 4, REFRESCO NARANJA 2L, BEBIDA ENERGETICA 50CL"
101890,cliente101890@email.com,personalizado,"LECHUGA ICEBERG UD, QUESO LONCHAS 200G, YOGUR GRIEGO PACK 4, ZANAHORIA KG, NARANJA KG"
101891,cliente101891@email.com,personalizado,"LECHE ENTERA BRIK 1L, QUINOA 500G, HARINA TRIGO 1KG, SEMILLAS CHIA 250G, LECHUGA ICEBERG UD"
101892,cliente101892@email.com,personalizado,"QUESO CURADO CUÑA 250G, PAN BARRA RUSTICA, YOGUR GRIEGO PACK 4, QUESO RALLADO 200G, HUEVOS DOCENA M"
101894,cliente101894@email.com,personalizado,"POLLO ASADO ENTERO, CERVEZA ARTESANA 33CL, REFRESCO NARANJA 2L, CHICLES PACK 3, GUISANTES CONGELADOS 1KG"
101895,cliente101895@email.com,personalizado,"HARINA TRIGO 1KG, PASTILLAS LAVAVAJILLAS 40UD, ROLLO COCINA PACK 4, VELAS AROMATICAS PACK 3, BOLSAS BASURA 30L"
101898,cliente101898@email.com,personalizado,"AGUA MINERAL PACK 6, TONICA PACK 4, REFRESCO NARANJA 2L, AGUA CON GAS 1L, VINO TINTO CRIANZA"
101899,cliente101899@email.com,personalizado,"NACHOS 200G, POLLO ASADO ENTERO, TONICA PACK 4, MARISCO CONGELADO 500G, CHOCOLATE TABLETA 100G"
101905,cliente101905@email.com,personalizado,"MERMELADA FRESA 350G, AZUCAR BLANCO 1KG, LECHE ENTERA BRIK 1L, CAFE MOLIDO 250G, BEBIDA SOJA 1L"
101912,cliente101912@email.com,personalizado,"VINO BLANCO VERDEJO, EMPANADA ATUN, TONICA PACK 4, CERVEZA PACK 6, NACHOS 200G"
101913,cliente101913@email.com,personalizado,"PECHUGA POLLO BANDEJA, MERLUZA FILETE KG, PIMIENTO ROJO KG, LECHE SEMIDESNATADA 1L, CEREALES DESAYUNO 500G"
101914,cliente101914@email.com,personalizado,"REFRESCO LIMON 2L, TORTILLA PATATA REFRIGERADA, AGUA CON GAS 1L, MARISCO CONGELADO 500G, PIZZA CUATRO QUESOS"
101915,cliente101915@email.com,personalizado,"CEBOLLA KG, TOMATE FRITO 400G, PASTA ESPAGUETI 500G, PATATA KG, HAMBURGUESA VEGETAL PACK 2"
101919,cliente101919@email.com,personalizado,"GRANOLA BIO 400G, PAN BARRA RUSTICA, TOMATE RAMA KG, HARINA TRIGO 1KG, PLATANO KG"
101921,cliente101921@email.com,personalizado,"POTITO FRUTA VARIADA, LECHE INFANTIL CONTINUACION, PAÑALES T5 PACK 40, PAÑALES T4 PACK 44, GEL INTIMO 250ML"
101928,cliente101928@email.com,personalizado,"VINO BLANCO VERDEJO, AGUA MINERAL PACK 6, ACEITUNAS RELLENAS 350G, QUESO RALLADO 200G, MACARRONES 500G"
101931,cliente101931@email.com,personalizado,"AGUA MINERAL PACK 6, CERVEZA ARTESANA 33CL, REFRESCO LIMON 2L, CERVEZA PACK 6, VINO TINTO CRIANZA"
101932,cliente101932@email.com,personalizado,"NACHOS 200G, BEBIDA ENERGETICA 50CL, VINO TINTO CRIANZA, CHICLES PACK 3, PIZZA CUATRO QUESOS"
101933,cliente101933@email.com,personalizado,"TOFU NATURAL 250G, LECHUGA ICEBERG UD, QUINOA 500G, HARINA TRIGO 1KG, ARROZ REDONDO 1KG"
101935,cliente101935@email.com,personalizado,"LECHE ENTERA BRIK 1L, TOMATE RAMA KG, HARINA TRIGO 1KG, SEMILLAS CHIA 250G, PECHUGA POLLO BANDEJA"
101938,cliente101938@email.com,personalizado,"REFRESCO COLA 2L, PAN BARRA RUSTICA, PATATA KG, MANZANA GOLDEN KG, TOMATE RAMA KG"
101940,cliente101940@email.com,personalizado,"AZUCAR BLANCO 1KG, PAN BARRA RUSTICA, LECHE AVENA 1L, TOMATE RAMA KG, GRANOLA BIO 400G"
101944,cliente101944@email.com,personalizado,"PASTA ESPAGUETI 500G, MANZANA GOLDEN KG, TOMATE RAMA KG, PAN BARRA RUSTICA, ARROZ REDONDO 1KG"
101948,cliente101948@email.com,personalizado,"HUEVOS DOCENA M, YOGUR NATURAL PACK 4, LECHE SEMIDESNATADA 1L, MANZANA GOLDEN KG, TOMATE RAMA KG"
101949,cliente101949@email.com,personalizado,"MARISCO CONGELADO 500G, ENSALADA CESAR PREPARADA, TORTILLA PATATA REFRIGERADA, CHOCOLATE TABLETA 100G, NACHOS 200G"
101951,cliente101951@email.com,personalizado,"TOMATE FRITO 400G, HARINA TRIGO 1KG, CEBOLLA KG, COMIDA GATO LATA PACK 6, PATATA KG"
101953,cliente101953@email.com,personalizado,"QUESO LONCHAS 200G, CEBOLLA KG, MANZANA GOLDEN KG, TOMATE FRITO 400G, TOMATE RAMA KG"
101955,cliente101955@email.com,personalizado,"PLATANO KG, LECHE SEMIDESNATADA 1L, ARROZ REDONDO 1KG, PATATA KG, LECHUGA ICEBERG UD"
101957,cliente101957@email.com,personalizado,"PECHUGA POLLO BANDEJA, SALMON FRESCO KG, ZANAHORIA KG, NARANJA KG, MERLUZA FILETE KG"
101959,cliente101959@email.com,personalizado,"YOGUR GRIEGO PACK 4, CREMA HIDRATANTE 200ML, LECHE SEMIDESNATADA 1L, MAQUINILLA AFEITAR PACK 4, MANTEQUILLA 250G"
101960,cliente101960@email.com,personalizado,"LECHE SEMIDESNATADA 1L, TOMATE RAMA KG, PAN BARRA RUSTICA, MERLUZA FILETE KG, NARANJA KG"
101966,cliente101966@email.com,personalizado,"PAÑALES T5 PACK 40, PAÑALES T4 PACK 44, CEBOLLA KG, PASTA ESPAGUETI 500G, MANZANA GOLDEN KG"
101967,cliente101967@email.com,personalizado,"ARROZ REDONDO 1KG, HARINA TRIGO 1KG, CEBOLLA KG, ZANAHORIA KG, NARANJA KG"
101968,cliente101968@email.com,personalizado,"PAN BARRA RUSTICA, PATATAS FRITAS BOLSA 150G, ACEITUNAS RELLENAS 350G, GAMBA FRESCA KG, AGUA MINERAL PACK 6"
101974,cliente101974@email.com,personalizado,"QUESO RALLADO 200G, CEREALES DESAYUNO 500G, YOGUR GRIEGO PACK 4, ATUN CLARO PACK 3, MANTEQUILLA 250G"
101977,cliente101977@email.com,personalizado,"CEREALES DESAYUNO 500G, PLATANO KG, HUEVOS DOCENA M, TE VERDE 25 BOLSAS, ATUN CLARO PACK 3"
101985,cliente101985@email.com,personalizado,"TOFU NATURAL 250G, MANZANA GOLDEN KG, QUINOA 500G, LECHUGA ICEBERG UD, HARINA TRIGO 1KG"
101987,cliente101987@email.com,personalizado,"TOMATE FRITO 400G, PASTA ESPAGUETI 500G, GALLETAS MARIA 800G, SNACKS PERRO 200G, MANZANA GOLDEN KG"
101989,cliente101989@email.com,personalizado,"PAN BARRA RUSTICA, QUESO LONCHAS 200G, PLATANO KG, QUESO RALLADO 200G, NARANJA KG"
101994,cliente101994@email.com,personalizado,"CERVEZA PACK 6, ACEITUNAS RELLENAS 350G, NACHOS 200G, VINO BLANCO VERDEJO, REFRESCO NARANJA 2L"
102002,cliente102002@email.com,personalizado,"PLATANO KG, LECHUGA ICEBERG UD, SEMILLAS CHIA 250G, ARROZ REDONDO 1KG, GAMBA FRESCA KG"
102005,cliente102005@email.com,personalizado,"CERVEZA PACK 6, PATATAS FRITAS BOLSA 150G, REFRESCO NARANJA 2L, ZUMO NARANJA 1L, VINO TINTO CRIANZA"
102006,cliente102006@email.com,personalizado,"PATATA KG, MANZANA GOLDEN KG, TOMATE RAMA KG, LECHUGA ICEBERG UD, REFRESCO COLA 2L"
102007,cliente102007@email.com,personalizado,"AZUCAR BLANCO 1KG, CEBOLLA KG, TOMATE FRITO 400G, PAN BARRA RUSTICA, MANZANA GOLDEN KG"
102011,cliente102011@email.com,personalizado,"MANZANA GOLDEN KG, PAN BARRA RUSTICA, REFRESCO COLA 2L, HARINA TRIGO 1KG, ARROZ REDONDO 1KG"
102012,cliente102012@email.com,personalizado,"SUAVIZANTE CONCENTRADO 1.5L, LECHE ENTERA BRIK 1L, LAVAVAJILLAS MANO 750ML, ARROZ REDONDO 1KG, AMBIENTADOR HOGAR"
102016,cliente102016@email.com,personalizado,"PAN BARRA RUSTICA, HARINA TRIGO 1KG, PLATANO KG, PECHUGA POLLO BANDEJA, GAMBA FRESCA KG"
102019,cliente102019@email.com,personalizado,"PASTA ESPAGUETI 500G, GALLETAS MARIA 800G, PAN BARRA RUSTICA, MANZANA GOLDEN KG, LECHUGA ICEBERG UD"
102023,cliente102023@email.com,personalizado,"GEL INTIMO 250ML, YOGUR GRIEGO PACK 4, CREMA HIDRATANTE 200ML, QUESO LONCHAS 200G, QUESO RALLADO 200G"
102024,cliente102024@email.com,personalizado,"FRUTOS SECOS MIX 200G, REFRESCO NARANJA 2L, VINO TINTO CRIANZA, AGUA CON GAS 1L, TORTILLA PATATA REFRIGERADA"
102026,cliente102026@email.com,personalizado,"MANZANA GOLDEN KG, ZANAHORIA KG, FILETE TERNERA KG, NARANJA KG, SALMON FRESCO KG"
102027,cliente102027@email.com,personalizado,"AGUA MINERAL PACK 6, BEBIDA ENERGETICA 50CL, TONICA PACK 4, REFRESCO NARANJA 2L, REFRESCO LIMON 2L"
102028,cliente102028@email.com,personalizado,"CERVEZA ARTESANA 33CL, REFRESCO NARANJA 2L, GALLETAS CHOCOLATE 300G, MARISCO CONGELADO 500G, ENSALADA CESAR PREPARADA"
102030,cliente102030@email.com,personalizado,"GAMBA FRESCA KG, ZANAHORIA KG, SALMON FRESCO KG, FILETE TERNERA KG, PLATANO KG"
102032,cliente102032@email.com,personalizado,"HELADO CHOCOLATE 1L, GALLETAS CHOCOLATE 300G, TONICA PACK 4, TORTILLA PATATA REFRIGERADA, ENSALADA CESAR PREPARADA"
102033,cliente102033@email.com,personalizado,"ZANAHORIA KG, VINO BLANCO VERDEJO, QUESO RALLADO 200G, REFRESCO COLA 2L, PECHUGA POLLO BANDEJA"
102034,cliente102034@email.com,personalizado,"TOMATE RAMA KG, LECHUGA ICEBERG UD, SEMILLAS CHIA 250G, GAMBA FRESCA KG, PLATANO KG"
102042,cliente102042@email.com,personalizado,"PASTA ESPAGUETI 500G, LECHUGA ICEBERG UD, GALLETAS MARIA 800G, CAFE MOLIDO 250G, GAMBA FRESCA KG"
102044,cliente102044@email.com,personalizado,"CARNE PICADA MIXTA 500G, TOMATE FRITO 400G, CEBOLLA KG, PASTA ESPAGUETI 500G, PAÑALES T4 PACK 44"
102045,cliente102045@email.com,personalizado,"GAMBA FRESCA KG, ARROZ REDONDO 1KG, VINO BLANCO VERDEJO, ZANAHORIA KG, NARANJA KG"
102046,cliente102046@email.com,personalizado,"GRANOLA BIO 400G, QUINOA 500G, TOMATE RAMA KG, ARROZ REDONDO 1KG, PAN BARRA RUSTICA"
102047,cliente102047@email.com,personalizado,"QUESO CURADO CUÑA 250G, YOGUR GRIEGO PACK 4, HUEVOS DOCENA M, MANTEQUILLA 250G, YOGUR NATURAL PACK 4"
102048,cliente102048@email.com,personalizado,"ARROZ REDONDO 1KG, HARINA TRIGO 1KG, GALLETAS MARIA 800G, CEREALES DESAYUNO 500G, CAFE MOLIDO 250G"
102049,cliente102049@email.com,personalizado,"LECHE AVENA 1L, GRANOLA BIO 400G, TOMATE RAMA KG, PAN BARRA RUSTICA, SEMILLAS CHIA 250G"
100003,cliente100003@email.com,personalizado,"INSECTICIDA SPRAY, MAQUINILLA AFEITAR PACK 4, LIMPIACRISTALES 750ML, AMBIENTADOR HOGAR, COLONIA 100ML"
102051,cliente102051@email.com,personalizado,"PATATA KG, CAFE MOLIDO 250G, GALLETAS MARIA 800G, MANZANA GOLDEN KG, LECHE ENTERA BRIK 1L"
102053,cliente102053@email.com,personalizado,"CEREALES DESAYUNO 500G, LECHE SEMIDESNATADA 1L, MERLUZA FILETE KG, NARANJA KG, AGUA MINERAL PACK 6"
100005,cliente100005@email.com,personalizado,"AGUA MINERAL PACK 6, CERVEZA PACK 6, NACHOS 200G, TONICA PACK 4, ACEITUNAS RELLENAS 350G"
102055,cliente102055@email.com,personalizado,"INSECTICIDA SPRAY, ARROZ REDONDO 1KG, DETERGENTE LIQUIDO 30 DOSIS, LECHE ENTERA BRIK 1L, COLONIA 100ML"
102056,cliente102056@email.com,personalizado,"PAÑALES T4 PACK 44, MANZANA GOLDEN KG, LECHUGA ICEBERG UD, TOMATE RAMA KG, NATA COCINA 200ML"
102057,cliente102057@email.com,personalizado,"PAPEL ALUMINIO 30M, VELAS AROMATICAS PACK 3, BOLSAS BASURA 30L, INSECTICIDA SPRAY, PASTILLAS LAVAVAJILLAS 40UD"
100010,cliente100010@email.com,personalizado,"MERLUZA FILETE KG, GAMBA FRESCA KG, PECHUGA POLLO BANDEJA, PIMIENTO ROJO KG, ZANAHORIA KG"
102060,cliente102060@email.com,personalizado,"PAN BARRA RUSTICA, PECHUGA POLLO BANDEJA, ZANAHORIA KG, NARANJA KG, SALMON FRESCO KG"
102061,cliente102061@email.com,personalizado,"VINO BLANCO VERDEJO, ARROZ REDONDO 1KG, PLATANO KG, PAN BARRA RUSTICA, CEREALES DESAYUNO 500G"
100013,cliente100013@email.com,personalizado,"CEBOLLA KG, PATATA KG, MANZANA GOLDEN KG, LECHUGA ICEBERG UD, GALLETAS MARIA 800G"
100015,cliente100015@email.com,personalizado,"PAÑALES T5 PACK 40, CREMA PAÑAL 100ML, PAÑALES T4 PACK 44, NATA COCINA 200ML, HUEVOS DOCENA M"
100016,cliente100016@email.com,personalizado,"HARINA TRIGO 1KG, LECHE ENTERA BRIK 1L, ARROZ REDONDO 1KG, BOMBILLA LED PACK 2, SUAVIZANTE CONCENTRADO 1.5L"
102065,cliente102065@email.com,personalizado,"CEBOLLA KG, PATATA KG, PASTA ESPAGUETI 500G, MANZANA GOLDEN KG, TOMATE RAMA KG"
100018,cliente100018@email.com,personalizado,"QUESO LONCHAS 200G, HARINA TRIGO 1KG, ARROZ REDONDO 1KG, MANZANA GOLDEN KG, TOMATE RAMA KG"
102067,cliente102067@email.com,personalizado,"FRUTOS SECOS MIX 200G, WRAP POLLO PACK 2, MARISCO CONGELADO 500G, PIZZA CUATRO QUESOS, LASAÑA BOLOÑESA 400G"
102069,cliente102069@email.com,personalizado,"CEREALES DESAYUNO 500G, PLATANO KG, LECHUGA ICEBERG UD, PAN BARRA RUSTICA, AGUA MINERAL PACK 6"
100023,cliente100023@email.com,personalizado,"PLATANO KG, HARINA TRIGO 1KG, GAMBA FRESCA KG, FILETE TERNERA KG, ZANAHORIA KG"
102073,cliente102073@email.com,personalizado,"PIENSO PERRO 4KG, PIENSO GATO 2KG, ARENA GATO 5L, SNACKS PERRO 200G, HARINA TRIGO 1KG"
102074,cliente102074@email.com,personalizado,"VINO BLANCO VERDEJO, TONICA PACK 4, ZUMO NARANJA 1L, AGUA CON GAS 1L, EMPANADA ATUN"
100028,cliente100028@email.com,personalizado,"CREMA PAÑAL 100ML, PAÑALES T5 PACK 40, TOMATE FRITO 400G, MANZANA GOLDEN KG, PAN BARRA RUSTICA"
102078,cliente102078@email.com,personalizado,"PLATANO KG, LECHE SEMIDESNATADA 1L, QUESO LONCHAS 200G, CEREALES DESAYUNO 500G, QUESO RALLADO 200G"
100031,cliente100031@email.com,personalizado,"PAN BARRA RUSTICA, TOMATE RAMA KG, MANZANA GOLDEN KG, VINO BLANCO VERDEJO, REFRESCO COLA 2L"
102079,cliente102079@email.com,personalizado,"PASTA ESPAGUETI 500G, PATATA KG, HARINA TRIGO 1KG, MANZANA GOLDEN KG, ARROZ REDONDO 1KG"
100032,cliente100032@email.com,personalizado,"ARROZ REDONDO 1KG, MANZANA GOLDEN KG, ZANAHORIA KG, SALMON FRESCO KG, LECHUGA ICEBERG UD"
102082,cliente102082@email.com,personalizado,"HARINA TRIGO 1KG, LAVAVAJILLAS MANO 750ML, ESPUMA AFEITAR 200ML, CEREALES DESAYUNO 500G, PILAS AA PACK 8"
100035,cliente100035@email.com,personalizado,"GALLETAS MARIA 800G, TOMATE FRITO 400G, ARROZ REDONDO 1KG, PASTA ESPAGUETI 500G, CARNE PICADA MIXTA 500G"
100036,cliente100036@email.com,personalizado,"TOMATE FRITO 400G, CARNE PICADA MIXTA 500G, PASTA ESPAGUETI 500G, CEBOLLA KG, PATATA KG"
102084,cliente102084@email.com,personalizado,"ZUMO NARANJA 1L, REFRESCO LIMON 2L, GUISANTES CONGELADOS 1KG, QUESO CURADO CUÑA 250G, LASAÑA BOLOÑESA 400G"
102086,cliente102086@email.com,personalizado,"PAN BARRA RUSTICA, GAMBA FRESCA KG, ZANAHORIA KG, PECHUGA POLLO BANDEJA, SALMON FRESCO KG"
102089,cliente102089@email.com,personalizado,"CERVEZA PACK 6, PATATAS FRITAS BOLSA 150G, VINO TINTO CRIANZA, HELADO CHOCOLATE 1L, PIZZA CONGELADA 4 ESTACIONES"
100043,cliente100043@email.com,personalizado,"ACEITUNAS RELLENAS 350G, NACHOS 200G, CERVEZA PACK 6, EMPANADA ATUN, CROQUETAS JAMON 500G"
102091,cliente102091@email.com,personalizado,"TOMATE FRITO 400G, HARINA TRIGO 1KG, FRIEGASUELOS 1.5L, CEBOLLA KG, PATATA KG"
102093,cliente102093@email.com,personalizado,"YOGUR GRIEGO PACK 4, PATATA KG, NATA COCINA 200ML, MANZANA GOLDEN KG, HUEVOS DOCENA M"
102094,cliente102094@email.com,personalizado,"MAQUINILLA AFEITAR PACK 4, COLONIA 100ML, MERMELADA FRESA 350G, COMPRESAS PACK 16, PLATANO KG"
100047,cliente100047@email.com,personalizado,"MERMELADA FRESA 350G, CHOCOLATE TABLETA 100G, GUISANTES CONGELADOS 1KG, FRIEGASUELOS 1.5L, LASAÑA BOLOÑESA 400G"
102096,cliente102096@email.com,personalizado,"TOMATE FRITO 400G, TOMATE RAMA KG, QUESO RALLADO 200G, GEL INTIMO 250ML, ZANAHORIA KG"
100050,cliente100050@email.com,personalizado,"AZUCAR BLANCO 1KG, TOMATE FRITO 400G, PAN BARRA RUSTICA, REFRESCO COLA 2L, PATATA KG"
102099,cliente102099@email.com,personalizado,"CEREALES DESAYUNO 500G, LECHE SEMIDESNATADA 1L, PAN BARRA RUSTICA, ZANAHORIA KG, MERLUZA FILETE KG"
102102,cliente102102@email.com,personalizado,"GAMBA FRESCA KG, LECHE ENTERA BRIK 1L, PECHUGA POLLO BANDEJA, FILETE TERNERA KG, ZANAHORIA KG"
100056,cliente100056@email.com,personalizado,"PLATANO KG, LECHUGA ICEBERG UD, MANZANA GOLDEN KG, CEREALES DESAYUNO 500G, PECHUGA POLLO BANDEJA"
100057,cliente100057@email.com,personalizado,"REFRESCO COLA 2L, PATATA KG, PAN BARRA RUSTICA, MANZANA GOLDEN KG, TOMATE RAMA KG"
102108,cliente102108@email.com,personalizado,"TOMATE FRITO 400G, PASTA ESPAGUETI 500G, CREMA PAÑAL 100ML, PAN BARRA RUSTICA, PAÑALES T5 PACK 40"
100061,cliente100061@email.com,personalizado,"TOMATE FRITO 400G, HARINA TRIGO 1KG, CEBOLLA KG, FRIEGASUELOS 1.5L, PATATA KG"
102110,cliente102110@email.com,personalizado,"FRUTOS SECOS MIX 200G, GALLETAS CHOCOLATE 300G, POLLO ASADO ENTERO, REFRESCO NARANJA 2L, REFRESCO LIMON 2L"
102111,cliente102111@email.com,personalizado,"REFRESCO COLA 2L, YOGUR GRIEGO PACK 4, NARANJA KG, GAMBA FRESCA KG, FILETE TERNERA KG"
102112,cliente102112@email.com,personalizado,"MERMELADA FRESA 350G, MARISCO CONGELADO 500G, GUISANTES CONGELADOS 1KG, REFRESCO NARANJA 2L, BEBIDA ENERGETICA 50CL"
100065,cliente100065@email.com,personalizado,"TOMATE FRITO 400G, LECHE SEMIDESNATADA 1L, PLATANO KG, HARINA TRIGO 1KG, CEBOLLA KG"
100066,cliente100066@email.com,personalizado,"LECHE SEMIDESNATADA 1L, LECHUGA ICEBERG UD, ARROZ REDONDO 1KG, GAMBA FRESCA KG, ZANAHORIA KG"
102117,cliente102117@email.com,personalizado,"LECHE ENTERA BRIK 1L, CAFE MOLIDO 250G, GALLETAS MARIA 800G, MAQUINILLA AFEITAR PACK 4, BOMBILLA LED PACK 2"
102118,cliente102118@email.com,personalizado,"TOFU NATURAL 250G, QUINOA 500G, PAN BARRA RUSTICA, HARINA TRIGO 1KG, PLATANO KG"
100070,cliente100070@email.com,personalizado,"LECHE ENTERA BRIK 1L, CAFE MOLIDO 250G, PASTA ESPAGUETI 500G, REFRESCO COLA 2L, ARROZ REDONDO 1KG"
102120,cliente102120@email.com,personalizado,"VINO BLANCO VERDEJO, ACEITUNAS RELLENAS 350G, NACHOS 200G, AGUA MINERAL PACK 6, PATATAS FRITAS BOLSA 150G"
100072,cliente100072@email.com,personalizado,"HUEVOS DOCENA M, NATA COCINA 200ML, YOGUR NATURAL PACK 4, LECHE SEMIDESNATADA 1L, ESPUMA AFEITAR 200ML"
102122,cliente102122@email.com,personalizado,"HARINA TRIGO 1KG, PAN BARRA RUSTICA, GAMBA FRESCA KG, PECHUGA POLLO BANDEJA, FILETE TERNERA KG"
102124,cliente102124@email.com,personalizado,"REFRESCO COLA 2L, QUESO LONCHAS 200G, LECHE SEMIDESNATADA 1L, QUESO RALLADO 200G, ARROZ REDONDO 1KG"
100077,cliente100077@email.com,personalizado,"POTITO VERDURA POLLO, TOMATE FRITO 400G, YOGUR GRIEGO PACK 4, TOMATE RAMA KG, NATA COCINA 200ML"
100079,cliente100079@email.com,personalizado,"PIZZA CONGELADA 4 ESTACIONES, REFRESCO NARANJA 2L, REFRESCO LIMON 2L, TONICA PACK 4, ZUMO NARANJA 1L"
100080,cliente100080@email.com,personalizado,"LECHE INFANTIL CONTINUACION, CREMA PAÑAL 100ML, PAÑALES T4 PACK 44, GEL INTIMO 250ML, PATATA KG"
102129,cliente102129@email.com,personalizado,"HARINA TRIGO 1KG, ARROZ REDONDO 1KG, PAPEL HIGIENICO PACK 12, FILM TRANSPARENTE 30M, ROLLO COCINA PACK 4"
102130,cliente102130@email.com,personalizado,"PAN BARRA RUSTICA, PASTA ESPAGUETI 500G, LECHUGA ICEBERG UD, ARROZ REDONDO 1KG, FRIEGASUELOS 1.5L"
100082,cliente100082@email.com,personalizado,"CERVEZA PACK 6, PAN BARRA RUSTICA, PATATAS FRITAS BOLSA 150G, ACEITUNAS RELLENAS 350G, NACHOS 200G"
102132,cliente102132@email.com,personalizado,"VINO BLANCO VERDEJO, PIZZA JAMON Y QUESO, FRUTOS SECOS MIX 200G, VINO TINTO CRIANZA, REFRESCO LIMON 2L"
102133,cliente102133@email.com,personalizado,"GALLETAS MARIA 800G, PLATANO KG, TOMATE FRITO 400G, PASTA ESPAGUETI 500G, LECHE ENTERA BRIK 1L"
102134,cliente102134@email.com,personalizado,"GEL INTIMO 250ML, PAPEL HIGIENICO PACK 12, SUAVIZANTE CONCENTRADO 1.5L, MAQUINILLA AFEITAR PACK 4, FILM TRANSPARENTE 30M"
102135,cliente102135@email.com,personalizado,"LECHE ENTERA BRIK 1L, LECHE SEMIDESNATADA 1L, PLATANO KG, PATATA KG, MANZANA GOLDEN KG"
102137,cliente102137@email.com,personalizado,"REFRESCO LIMON 2L, HELADO CHOCOLATE 1L, BEBIDA ENERGETICA 50CL, MERMELADA FRESA 350G, AGUA CON GAS 1L"
102138,cliente102138@email.com,personalizado,"CHOCOLATE TABLETA 100G, SUSHI BANDEJA 12 PIEZAS, PIZZA CUATRO QUESOS, VERDURA WOK CONGELADA 750G, PAN BARRA RUSTICA"
100090,cliente100090@email.com,personalizado,"HARINA TRIGO 1KG, PLATANO KG, CEBOLLA KG, PATATA KG, LECHE SEMIDESNATADA 1L"
100091,cliente100091@email.com,personalizado,"LECHE ENTERA BRIK 1L, GAMBA FRESCA KG, SEMILLAS CHIA 250G, ZANAHORIA KG, HARINA TRIGO 1KG"
102141,cliente102141@email.com,personalizado,"LECHE ENTERA BRIK 1L, TOMATE RAMA KG, LECHUGA ICEBERG UD, PAN BARRA RUSTICA, PLATANO KG"
100092,cliente100092@email.com,personalizado,"CEREALES DESAYUNO 500G, ARROZ REDONDO 1KG, LECHE SEMIDESNATADA 1L, CACAO SOLUBLE 800G, MERLUZA FILETE KG"
100096,cliente100096@email.com,personalizado,"GALLETAS MARIA 800G, PAN BARRA RUSTICA, CEBOLLA KG, AGUA MINERAL PACK 6, PECHUGA POLLO BANDEJA"
102144,cliente102144@email.com,personalizado,"EMPANADA ATUN, AGUA MINERAL PACK 6, BEBIDA ENERGETICA 50CL, ENSALADA CESAR PREPARADA, GUISANTES CONGELADOS 1KG"
102146,cliente102146@email.com,personalizado,"PAN BARRA RUSTICA, CEBOLLA KG, MANZANA GOLDEN KG, LECHUGA ICEBERG UD, HARINA TRIGO 1KG"
102149,cliente102149@email.com,personalizado,"CERVEZA ARTESANA 33CL, CERVEZA PACK 6, NACHOS 200G, ACEITUNAS RELLENAS 350G, TONICA PACK 4"
100102,cliente100102@email.com,personalizado,"NATA COCINA 200ML, MANTEQUILLA 250G, QUESO RALLADO 200G, COLONIA 100ML, DESODORANTE SPRAY 200ML"
100103,cliente100103@email.com,personalizado,"LECHUGA ICEBERG UD, TOMATE RAMA KG, NARANJA KG, GAMBA FRESCA KG, QUESO RALLADO 200G"
100101,cliente100101@email.com,personalizado,"ACEITUNAS RELLENAS 350G, TONICA PACK 4, REFRESCO LIMON 2L, ZUMO NARANJA 1L, AGUA CON GAS 1L"
102154,cliente102154@email.com,personalizado,"CEREALES DESAYUNO 500G, LECHE SEMIDESNATADA 1L, PLATANO KG, PAN BARRA RUSTICA, MANZANA GOLDEN KG"
100106,cliente100106@email.com,personalizado,"QUESO RALLADO 200G, ACEITUNAS RELLENAS 350G, PLATANO KG, ZANAHORIA KG, PECHUGA POLLO BANDEJA"
102157,cliente102157@email.com,personalizado,"TOMATE FRITO 400G, GEL INTIMO 250ML, MAQUINILLA AFEITAR PACK 4, BOMBILLA LED PACK 2, CREMA HIDRATANTE 200ML"
100111,cliente100111@email.com,personalizado,"YOGUR GRIEGO PACK 4, NATA COCINA 200ML, MANTEQUILLA 250G, MERLUZA FILETE KG, YOGUR NATURAL PACK 4"
102160,cliente102160@email.com,personalizado,"ARROZ REDONDO 1KG, PLATANO KG, CEREALES DESAYUNO 500G, HARINA TRIGO 1KG, LECHUGA ICEBERG UD"
100115,cliente100115@email.com,personalizado,"PAN BARRA RUSTICA, QUESO CURADO CUÑA 250G, QUESO LONCHAS 200G, CEBOLLA KG, VINO BLANCO VERDEJO"
100116,cliente100116@email.com,personalizado,"AZUCAR BLANCO 1KG, CAFE MOLIDO 250G, LECHE ENTERA BRIK 1L, GALLETAS MARIA 800G, TOMATE FRITO 400G"
102163,cliente102163@email.com,personalizado,"MERMELADA FRESA 350G, LECHE ENTERA BRIK 1L, TOMATE FRITO 400G, CAFE MOLIDO 250G, CEBOLLA KG"
102166,cliente102166@email.com,personalizado,"LECHE ENTERA BRIK 1L, CAFE MOLIDO 250G, GEL INTIMO 250ML, MAQUINILLA AFEITAR PACK 4, GALLETAS MARIA 800G"
102168,cliente102168@email.com,personalizado,"GRANOLA BIO 400G, SEMILLAS CHIA 250G, PLATANO KG, GALLETAS MARIA 800G, TOMATE FRITO 400G"
100120,cliente100120@email.com,personalizado,"PAÑALES T5 PACK 40, TOMATE FRITO 400G, PAÑALES T4 PACK 44, MERMELADA FRESA 350G, COLONIA 100ML"
100124,cliente100124@email.com,personalizado,"TOMATE RAMA KG, LECHUGA ICEBERG UD, ARROZ REDONDO 1KG, PECHUGA POLLO BANDEJA, MERLUZA FILETE KG"
102173,cliente102173@email.com,personalizado,"VELAS AROMATICAS PACK 3, LAVAVAJILLAS MANO 750ML, PAPEL HIGIENICO PACK 12, LIMPIACRISTALES 750ML, ESPUMA AFEITAR 200ML"
102174,cliente102174@email.com,personalizado,"PASTA ESPAGUETI 500G, MANZANA GOLDEN KG, TOMATE RAMA KG, GAMBA FRESCA KG, PECHUGA POLLO BANDEJA"
102179,cliente102179@email.com,personalizado,"HARINA TRIGO 1KG, ARROZ REDONDO 1KG, ROLLO COCINA PACK 4, CREMA HIDRATANTE 200ML, LAVAVAJILLAS MANO 750ML"
102181,cliente102181@email.com,personalizado,"ROLLO COCINA PACK 4, LAVAVAJILLAS MANO 750ML, PASTILLAS LAVAVAJILLAS 40UD, PASTA DENTIFRICA 75ML, GEL DUCHA 750ML"
100134,cliente100134@email.com,personalizado,"TOMATE FRITO 400G, ESPUMA AFEITAR 200ML, GALLETAS MARIA 800G, PASTILLAS LAVAVAJILLAS 40UD, COMPRESAS PACK 16"
102184,cliente102184@email.com,personalizado,"ZANAHORIA KG, PAÑALES T4 PACK 44, PECHUGA POLLO BANDEJA, YOGUR NATURAL PACK 4, FILETE TERNERA KG"
102185,cliente102185@email.com,personalizado,"CERVEZA ARTESANA 33CL, TONICA PACK 4, PIZZA JAMON Y QUESO, HELADO CHOCOLATE 1L, REFRESCO LIMON 2L"
100138,cliente100138@email.com,personalizado,"PLATANO KG, HARINA TRIGO 1KG, ARROZ REDONDO 1KG, MANZANA GOLDEN KG, TOMATE RAMA KG"
100139,cliente100139@email.com,personalizado,"AGUA MINERAL PACK 6, REFRESCO NARANJA 2L, ZUMO NARANJA 1L, PIZZA CONGELADA 4 ESTACIONES, FRUTOS SECOS MIX 200G"
102189,cliente102189@email.com,personalizado,"MANZANA GOLDEN KG, TOMATE RAMA KG, PLATANO KG, REFRESCO COLA 2L, PAN BARRA RUSTICA"
102190,cliente102190@email.com,personalizado,"TOMATE FRITO 400G, CEBOLLA KG, PATATA KG, MANZANA GOLDEN KG, LECHUGA ICEBERG UD"
102191,cliente102191@email.com,personalizado,"HELADO CHOCOLATE 1L, PAN BARRA RUSTICA, NACHOS 200G, REFRESCO NARANJA 2L, REFRESCO LIMON 2L"
100143,cliente100143@email.com,personalizado,"AGUA MINERAL PACK 6, MANZANA GOLDEN KG, REFRESCO LIMON 2L, TONICA PACK 4, NACHOS 200G"
100142,cliente100142@email.com,personalizado,"GALLETAS MARIA 800G, HARINA TRIGO 1KG, CEBOLLA KG, TOMATE RAMA KG, PAN BARRA RUSTICA"
100145,cliente100145@email.com,personalizado,"PAN BARRA RUSTICA, LECHE ENTERA BRIK 1L, PASTA ESPAGUETI 500G, SEMILLAS CHIA 250G, MANZANA GOLDEN KG"
102195,cliente102195@email.com,personalizado,"TOMATE RAMA KG, HARINA TRIGO 1KG, PLATANO KG, ARROZ REDONDO 1KG, QUESO LONCHAS 200G"
100144,cliente100144@email.com,personalizado,"TOMATE FRITO 400G, PAÑALES T5 PACK 40, MANZANA GOLDEN KG, TOMATE RAMA KG, LECHUGA ICEBERG UD"
100149,cliente100149@email.com,personalizado,"CERVEZA ARTESANA 33CL, TONICA PACK 4, VINO TINTO CRIANZA, REFRESCO NARANJA 2L, GALLETAS CHOCOLATE 300G"
102198,cliente102198@email.com,personalizado,"PAN BARRA RUSTICA, PLATANO KG, GAMBA FRESCA KG, PECHUGA POLLO BANDEJA, ARROZ REDONDO 1KG"
102199,cliente102199@email.com,personalizado,"TOMATE RAMA KG, LECHE ENTERA BRIK 1L, GAMBA FRESCA KG, PAN BARRA RUSTICA, ZANAHORIA KG"
102200,cliente102200@email.com,personalizado,"CEREALES DESAYUNO 500G, PECHUGA POLLO BANDEJA, PAN BARRA RUSTICA, NARANJA KG, GAMBA FRESCA KG"
102201,cliente102201@email.com,personalizado,"PLATANO KG, ARROZ REDONDO 1KG, PATATA KG, MERLUZA FILETE KG, NARANJA KG"
100153,cliente100153@email.com,personalizado,"REFRESCO COLA 2L, COMIDA GATO LATA PACK 6, PAN BARRA RUSTICA, HARINA TRIGO 1KG, LECHUGA ICEBERG UD"
102202,cliente102202@email.com,personalizado,"MAQUINILLA AFEITAR PACK 4, CREMA HIDRATANTE 200ML, GALLETAS MARIA 800G, ESPUMA AFEITAR 200ML, PAPEL HIGIENICO PACK 12"
102197,cliente102197@email.com,personalizado,"HARINA TRIGO 1KG, ARROZ REDONDO 1KG, PAN BARRA RUSTICA, PATATA KG, PASTA ESPAGUETI 500G"
100150,cliente100150@email.com,personalizado,"PIZZA CONGELADA 4 ESTACIONES, GALLETAS CHOCOLATE 300G, MARISCO CONGELADO 500G, CHOCOLATE TABLETA 100G, POLLO ASADO ENTERO"
100156,cliente100156@email.com,personalizado,"ARROZ REDONDO 1KG, PECHUGA POLLO BANDEJA, NARANJA KG, ZANAHORIA KG, FILETE TERNERA KG"
102208,cliente102208@email.com,personalizado,"MANZANA GOLDEN KG, ZANAHORIA KG, FILETE TERNERA KG, NARANJA KG, PLATANO KG"
102209,cliente102209@email.com,personalizado,"NACHOS 200G, CERVEZA ARTESANA 33CL, AGUA MINERAL PACK 6, TONICA PACK 4, ZUMO NARANJA 1L"
102211,cliente102211@email.com,personalizado,"LECHE SEMIDESNATADA 1L, QUESO RALLADO 200G, PLATANO KG, QUESO LONCHAS 200G, MANTEQUILLA 250G"
100164,cliente100164@email.com,personalizado,"SUAVIZANTE CONCENTRADO 1.5L, BOLSAS BASURA 30L, ROLLO COCINA PACK 4, PASTILLAS LAVAVAJILLAS 40UD, HARINA TRIGO 1KG"
102213,cliente102213@email.com,personalizado,"LECHE ENTERA BRIK 1L, CAFE MOLIDO 250G, AZUCAR BLANCO 1KG, GALLETAS MARIA 800G, MANZANA GOLDEN KG"
102214,cliente102214@email.com,personalizado,"PLATANO KG, PECHUGA POLLO BANDEJA, ZANAHORIA KG, NARANJA KG, FILETE TERNERA KG"
100165,cliente100165@email.com,personalizado,"PASTA ESPAGUETI 500G, TOMATE RAMA KG, QUESO LONCHAS 200G, PLATANO KG, GAMBA FRESCA KG"
100170,cliente100170@email.com,personalizado,"ARROZ REDONDO 1KG, NARANJA KG, GAMBA FRESCA KG, ACEITE OLIVA VIRGEN 1L, ATUN CLARO PACK 3"
100171,cliente100171@email.com,personalizado,"SUAVIZANTE CONCENTRADO 1.5L, PAPEL HIGIENICO PACK 12, BOLSAS BASURA 30L, GEL INTIMO 250ML, LEJIA 2L"
100172,cliente100172@email.com,personalizado,"MARISCO CONGELADO 500G, REFRESCO NARANJA 2L, ENSALADA CESAR PREPARADA, ZUMO NARANJA 1L, CHICLES PACK 3"
102220,cliente102220@email.com,personalizado,"LECHE ENTERA BRIK 1L, CAFE MOLIDO 250G, GALLETAS MARIA 800G, PATATA KG, HARINA TRIGO 1KG"
100174,cliente100174@email.com,personalizado,"ROLLO COCINA PACK 4, ARROZ REDONDO 1KG, CREMA HIDRATANTE 200ML, LAVAVAJILLAS MANO 750ML, MAQUINILLA AFEITAR PACK 4"
102222,cliente102222@email.com,personalizado,"CAFE MOLIDO 250G, LECHE ENTERA BRIK 1L, GALLETAS MARIA 800G, PASTA ESPAGUETI 500G, CEBOLLA KG"
102224,cliente102224@email.com,personalizado,"QUESO RALLADO 200G, YOGUR GRIEGO PACK 4, PIMIENTO ROJO KG, ATUN CLARO PACK 3, AGUA MINERAL PACK 6"
102223,cliente102223@email.com,personalizado,"VELAS AROMATICAS PACK 3, LECHE ENTERA BRIK 1L, COLONIA 100ML, ESPUMA AFEITAR 200ML, LIMPIACRISTALES 750ML"
100177,cliente100177@email.com,personalizado,"PAN BARRA RUSTICA, AGUA MINERAL PACK 6, HARINA TRIGO 1KG, ARROZ REDONDO 1KG, PATATAS FRITAS BOLSA 150G"
100181,cliente100181@email.com,personalizado,"ARROZ REDONDO 1KG, HARINA TRIGO 1KG, GALLETAS MARIA 800G, CEREALES DESAYUNO 500G, TE VERDE 25 BOLSAS"
100182,cliente100182@email.com,personalizado,"LECHE SEMIDESNATADA 1L, PASTA ESPAGUETI 500G, QUESO LONCHAS 200G, PECHUGA POLLO BANDEJA, CEREALES DESAYUNO 500G"
100185,cliente100185@email.com,personalizado,"PAÑALES T5 PACK 40, LECHE INFANTIL CONTINUACION, CEBOLLA KG, LECHUGA ICEBERG UD, MANZANA GOLDEN KG"
102233,cliente102233@email.com,personalizado,"GEL INTIMO 250ML, VELAS AROMATICAS PACK 3, LAVAVAJILLAS MANO 750ML, INSECTICIDA SPRAY, COLONIA 100ML"
102235,cliente102235@email.com,personalizado,"CEREALES DESAYUNO 500G, PLATANO KG, LECHUGA ICEBERG UD, AGUA MINERAL PACK 6, CERVEZA PACK 6"
100188,cliente100188@email.com,personalizado,"TOMATE FRITO 400G, HARINA TRIGO 1KG, ARROZ REDONDO 1KG, PAPEL HIGIENICO PACK 12, SUAVIZANTE CONCENTRADO 1.5L"
100187,cliente100187@email.com,personalizado,"CEBOLLA KG, PATATA KG, MANZANA GOLDEN KG, TOMATE RAMA KG, PAN BARRA RUSTICA"
100189,cliente100189@email.com,personalizado,"ARROZ REDONDO 1KG, HARINA TRIGO 1KG, CAFE MOLIDO 250G, TE VERDE 25 BOLSAS, ATUN CLARO PACK 3"
102237,cliente102237@email.com,personalizado,"ACEITUNAS RELLENAS 350G, PLATANO KG, AGUA MINERAL PACK 6, BEBIDA ENERGETICA 50CL, MANTEQUILLA 250G"
100193,cliente100193@email.com,personalizado,"PASTA ESPAGUETI 500G, MANZANA GOLDEN KG, ARROZ REDONDO 1KG, GAMBA FRESCA KG, LECHE ENTERA BRIK 1L"
102242,cliente102242@email.com,personalizado,"PAN BARRA RUSTICA, PATATA KG, MANZANA GOLDEN KG, TOMATE RAMA KG, LECHE INFANTIL CONTINUACION"
102246,cliente102246@email.com,personalizado,"CERVEZA ARTESANA 33CL, CERVEZA PACK 6, ACEITUNAS RELLENAS 350G, NACHOS 200G, TONICA PACK 4"
102247,cliente102247@email.com,personalizado,"MANZANA GOLDEN KG, LECHUGA ICEBERG UD, HARINA TRIGO 1KG, PLATANO KG, VINO BLANCO VERDEJO"
102249,cliente102249@email.com,personalizado,"PASTILLAS LAVAVAJILLAS 40UD, LAVAVAJILLAS MANO 750ML, AMBIENTADOR HOGAR, LIMPIACRISTALES 750ML, MAQUINILLA AFEITAR PACK 4"
102254,cliente102254@email.com,personalizado,"CEBOLLA KG, LECHE ENTERA BRIK 1L, HARINA TRIGO 1KG, GAMBA FRESCA KG, FILETE TERNERA KG"
100207,cliente100207@email.com,personalizado,"LENTEJAS PARDINA 1KG, GEL DUCHA 750ML, COMPRESAS PACK 16, CALDO POLLO PACK, MIEL PURA 500G"
102255,cliente102255@email.com,personalizado,"MERLUZA FILETE KG, PECHUGA POLLO BANDEJA, SALMON FRESCO KG, BEBIDA ENERGETICA 50CL, FILETE TERNERA KG"
100206,cliente100206@email.com,personalizado,"REFRESCO LIMON 2L, TONICA PACK 4, VINO TINTO CRIANZA, REFRESCO NARANJA 2L, ZUMO NARANJA 1L"
100210,cliente100210@email.com,personalizado,"GEL DUCHA 750ML, CEREALES DESAYUNO 500G, LENTEJAS PARDINA 1KG, ACONDICIONADOR 400ML, LECHE SEMIDESNATADA 1L"
102258,cliente102258@email.com,personalizado,"REFRESCO COLA 2L, MERLUZA FILETE KG, CALDO POLLO PACK, FILETE TERNERA KG, TE VERDE 25 BOLSAS"
100211,cliente100211@email.com,personalizado,"NATA COCINA 200ML, QUESO LONCHAS 200G, QUESO CURADO CUÑA 250G, MANTEQUILLA 250G, VINO BLANCO VERDEJO"
102261,cliente102261@email.com,personalizado,"GALLETAS MARIA 800G, QUESO RALLADO 200G, GAMBA FRESCA KG, FILETE TERNERA KG, MERLUZA FILETE KG"
100215,cliente100215@email.com,personalizado,"PASTA ESPAGUETI 500G, QUESO LONCHAS 200G, GALLETAS MARIA 800G, MANZANA GOLDEN KG, LECHE SEMIDESNATADA 1L"
102264,cliente102264@email.com,personalizado,"PAÑALES T4 PACK 44, PATATA KG, MANZANA GOLDEN KG, LECHUGA ICEBERG UD, TOMATE RAMA KG"
102266,cliente102266@email.com,personalizado,"CROQUETAS JAMON 500G, ZUMO NARANJA 1L, WRAP POLLO PACK 2, CHOCOLATE TABLETA 100G, MARISCO CONGELADO 500G"
100221,cliente100221@email.com,personalizado,"BEBIDA SOJA 1L, QUINOA 500G, TOMATE RAMA KG, LECHUGA ICEBERG UD, GAMBA FRESCA KG"
102270,cliente102270@email.com,personalizado,"GEL INTIMO 250ML, CREMA HIDRATANTE 200ML, LECHE SEMIDESNATADA 1L, NATA COCINA 200ML, CEBOLLA KG"
102271,cliente102271@email.com,personalizado,"PAN BARRA RUSTICA, CARNE PICADA MIXTA 500G, CEBOLLA KG, PATATA KG, REFRESCO COLA 2L"
102276,cliente102276@email.com,personalizado,"ESPUMA AFEITAR 200ML, AMBIENTADOR HOGAR, VELAS AROMATICAS PACK 3, BOLSAS BASURA 30L, CREMA HIDRATANTE 200ML"
102277,cliente102277@email.com,personalizado,"GEL INTIMO 250ML, MAQUINILLA AFEITAR PACK 4, TOMATE FRITO 400G, COLONIA 100ML, NATA COCINA 200ML"
102279,cliente102279@email.com,personalizado,"LECHE ENTERA BRIK 1L, CAFE MOLIDO 250G, GALLETAS MARIA 800G, BEBIDA SOJA 1L, CEBOLLA KG"
100232,cliente100232@email.com,personalizado,"PASTA ESPAGUETI 500G, HARINA TRIGO 1KG, ARROZ REDONDO 1KG, LECHE ENTERA BRIK 1L, PLATANO KG"
102281,cliente102281@email.com,personalizado,"PLATANO KG, SNACKS PERRO 200G, MANZANA GOLDEN KG, TOMATE RAMA KG, CALDO POLLO PACK"
102282,cliente102282@email.com,personalizado,"QUESO RALLADO 200G, MANZANA GOLDEN KG, HARINA TRIGO 1KG, MANTEQUILLA 250G, PECHUGA POLLO BANDEJA"
100235,cliente100235@email.com,personalizado,"CERVEZA PACK 6, ACEITUNAS RELLENAS 350G, NACHOS 200G, CERVEZA ARTESANA 33CL, PATATAS FRITAS BOLSA 150G"
100236,cliente100236@email.com,personalizado,"PAN BARRA RUSTICA, CEBOLLA KG, HARINA TRIGO 1KG, SEMILLAS CHIA 250G, ARROZ REDONDO 1KG"
102285,cliente102285@email.com,personalizado,"TOMATE FRITO 400G, LECHE AVENA 1L, GRANOLA BIO 400G, GALLETAS MARIA 800G, MANZANA GOLDEN KG"
100239,cliente100239@email.com,personalizado,"NARANJA KG, CEREALES DESAYUNO 500G, AGUA MINERAL PACK 6, LECHE SEMIDESNATADA 1L, SALMON FRESCO KG"
100241,cliente100241@email.com,personalizado,"LECHE SEMIDESNATADA 1L, ARROZ REDONDO 1KG, ZANAHORIA KG, NARANJA KG, GAMBA FRESCA KG"
102290,cliente102290@email.com,personalizado,"PIENSO PERRO 4KG, JUGUETE PERRO, PIENSO GATO 2KG, COMIDA GATO LATA PACK 6, CAFE MOLIDO 250G"
102291,cliente102291@email.com,personalizado,"GALLETAS MARIA 800G, ARROZ REDONDO 1KG, LECHE ENTERA BRIK 1L, TOMATE RAMA KG, PLATANO KG"
100246,cliente100246@email.com,personalizado,"EMPANADA ATUN, REFRESCO COLA 2L, VINO BLANCO VERDEJO, FRUTOS SECOS MIX 200G, CERVEZA ARTESANA 33CL"
102295,cliente102295@email.com,personalizado,"LECHE ENTERA BRIK 1L, TOMATE RAMA KG, ARROZ REDONDO 1KG, LECHUGA ICEBERG UD, PLATANO KG"
102294,cliente102294@email.com,personalizado,"ARROZ REDONDO 1KG, PLATANO KG, REFRESCO COLA 2L, CEREALES DESAYUNO 500G, TE VERDE 25 BOLSAS"
100249,cliente100249@email.com,personalizado,"CEBOLLA KG, MANZANA GOLDEN KG, PAN BARRA RUSTICA, TOMATE RAMA KG, LECHE ENTERA BRIK 1L"
102301,cliente102301@email.com,personalizado,"REFRESCO COLA 2L, PATATA KG, PAN BARRA RUSTICA, HARINA TRIGO 1KG, MANZANA GOLDEN KG"
100254,cliente100254@email.com,personalizado,"AGUA MINERAL PACK 6, QUESO LONCHAS 200G, HARINA TRIGO 1KG, ARROZ REDONDO 1KG, PECHUGA POLLO BANDEJA"
102303,cliente102303@email.com,personalizado,"CERVEZA PACK 6, NARANJA KG, MERLUZA FILETE KG, PIMIENTO ROJO KG, PATATAS FRITAS BOLSA 150G"
100256,cliente100256@email.com,personalizado,"LECHE SEMIDESNATADA 1L, QUESO RALLADO 200G, PLATANO KG, MANZANA GOLDEN KG, MANTEQUILLA 250G"
102308,cliente102308@email.com,personalizado,"REFRESCO COLA 2L, HARINA TRIGO 1KG, PAN BARRA RUSTICA, PATATA KG, PASTA ESPAGUETI 500G"
102310,cliente102310@email.com,personalizado,"BEBIDA SOJA 1L, TOMATE FRITO 400G, MANZANA GOLDEN KG, GRANOLA BIO 400G, HARINA TRIGO 1KG"
102311,cliente102311@email.com,personalizado,"AGUA MINERAL PACK 6, CERVEZA ARTESANA 33CL, REFRESCO LIMON 2L, ACEITUNAS RELLENAS 350G, PATATAS FRITAS BOLSA 150G"
100265,cliente100265@email.com,personalizado,"TOMATE RAMA KG, LECHE SEMIDESNATADA 1L, PECHUGA POLLO BANDEJA, QUESO LONCHAS 200G, CALDO POLLO PACK"
100266,cliente100266@email.com,personalizado,"PIENSO PERRO 4KG, ARENA GATO 5L, PIENSO GATO 2KG, SNACKS PERRO 200G, COMIDA GATO LATA PACK 6"
102315,cliente102315@email.com,personalizado,"PASTA ESPAGUETI 500G, HARINA TRIGO 1KG, TOMATE RAMA KG, PLATANO KG, LECHUGA ICEBERG UD"
100268,cliente100268@email.com,personalizado,"PATATA KG, POTITO FRUTA VARIADA, POTITO VERDURA POLLO, CREMA PAÑAL 100ML, PAÑALES T4 PACK 44"
100269,cliente100269@email.com,personalizado,"MANZANA GOLDEN KG, GALLETAS MARIA 800G, PAN BARRA RUSTICA, ARROZ REDONDO 1KG, REFRESCO COLA 2L"
102317,cliente102317@email.com,personalizado,"PAN BARRA RUSTICA, LECHE AVENA 1L, LECHE ENTERA BRIK 1L, TOFU NATURAL 250G, QUINOA 500G"
102322,cliente102322@email.com,personalizado,"TOMATE FRITO 400G, ARENA GATO 5L, MANZANA GOLDEN KG, TOMATE RAMA KG, HARINA TRIGO 1KG"
102324,cliente102324@email.com,personalizado,"NACHOS 200G, CROQUETAS JAMON 500G, TONICA PACK 4, FRUTOS SECOS MIX 200G, BEBIDA ENERGETICA 50CL"
100276,cliente100276@email.com,personalizado,"VINO BLANCO VERDEJO, NACHOS 200G, REFRESCO LIMON 2L, REFRESCO NARANJA 2L, BEBIDA ENERGETICA 50CL"
100278,cliente100278@email.com,personalizado,"LECHE ENTERA BRIK 1L, CAFE MOLIDO 250G, GALLETAS MARIA 800G, FRIEGASUELOS 1.5L, HARINA TRIGO 1KG"
100277,cliente100277@email.com,personalizado,"PASTA ESPAGUETI 500G, PLATANO KG, FILETE TERNERA KG, SALMON FRESCO KG, MERLUZA FILETE KG"
100280,cliente100280@email.com,personalizado,"TORTILLA PATATA REFRIGERADA, PAN BARRA RUSTICA, TONICA PACK 4, VINO TINTO CRIANZA, AGUA CON GAS 1L"
100281,cliente100281@email.com,personalizado,"VINO BLANCO VERDEJO, PATATAS FRITAS BOLSA 150G, CERVEZA ARTESANA 33CL, BEBIDA ENERGETICA 50CL, REFRESCO NARANJA 2L"
102330,cliente102330@email.com,personalizado,"LECHUGA ICEBERG UD, PECHUGA POLLO BANDEJA, AGUA MINERAL PACK 6, CERVEZA PACK 6, PIMIENTO ROJO KG"
100282,cliente100282@email.com,personalizado,"CERVEZA PACK 6, ACEITUNAS RELLENAS 350G, REFRESCO NARANJA 2L, REFRESCO LIMON 2L, BEBIDA ENERGETICA 50CL"
100284,cliente100284@email.com,personalizado,"CEBOLLA KG, GRANOLA BIO 400G, LECHUGA ICEBERG UD, PASTA ESPAGUETI 500G, PAN BARRA RUSTICA"
100286,cliente100286@email.com,personalizado,"PASTA ESPAGUETI 500G, CEBOLLA KG, QUESO CURADO CUÑA 250G, NATA COCINA 200ML, MERMELADA FRESA 350G"
102335,cliente102335@email.com,personalizado,"GALLETAS MARIA 800G, HARINA TRIGO 1KG, LECHE AVENA 1L, HAMBURGUESA VEGETAL PACK 2, SEMILLAS CHIA 250G"
100287,cliente100287@email.com,personalizado,"HARINA TRIGO 1KG, REFRESCO COLA 2L, QUESO LONCHAS 200G, PLATANO KG, TE VERDE 25 BOLSAS"
100290,cliente100290@email.com,personalizado,"LECHE ENTERA BRIK 1L, TOMATE FRITO 400G, CARNE PICADA MIXTA 500G, PASTA ESPAGUETI 500G, CEBOLLA KG"
102339,cliente102339@email.com,personalizado,"POTITO FRUTA VARIADA, LECHE INFANTIL CONTINUACION, CHUPETE PACK 2, CREMA PAÑAL 100ML, PAÑALES T5 PACK 40"
100291,cliente100291@email.com,personalizado,"CREMA PAÑAL 100ML, TOMATE FRITO 400G, PAÑALES T4 PACK 44, PATATA KG, MANZANA GOLDEN KG"
100293,cliente100293@email.com,personalizado,"GALLETAS MARIA 800G, LECHE ENTERA BRIK 1L, HARINA TRIGO 1KG, PASTA ESPAGUETI 500G, CEBOLLA KG"
102341,cliente102341@email.com,personalizado,"MAQUINILLA AFEITAR PACK 4, ESPUMA AFEITAR 200ML, DETERGENTE LIQUIDO 30 DOSIS, SERVILLETAS PACK 100, GEL DUCHA 750ML"
102343,cliente102343@email.com,personalizado,"CAFE MOLIDO 250G, GALLETAS MARIA 800G, HARINA TRIGO 1KG, ARROZ REDONDO 1KG, CEBOLLA KG"
102345,cliente102345@email.com,personalizado,"REFRESCO COLA 2L, MANZANA GOLDEN KG, CACAO SOLUBLE 800G, TE VERDE 25 BOLSAS, FILETE TERNERA KG"
100297,cliente100297@email.com,personalizado,"INSECTICIDA SPRAY, LAVAVAJILLAS MANO 750ML, PASTILLAS LAVAVAJILLAS 40UD, LECHE ENTERA BRIK 1L, LIMPIACRISTALES 750ML"
100300,cliente100300@email.com,personalizado,"GALLETAS MARIA 800G, CEREALES DESAYUNO 500G, PLATANO KG, PASTA ESPAGUETI 500G, MANZANA GOLDEN KG"
102348,cliente102348@email.com,personalizado,"PLATANO KG, MERLUZA FILETE KG, ZANAHORIA KG, LENTEJAS PARDINA 1KG, CALDO POLLO PACK"
102349,cliente102349@email.com,personalizado,"YOGUR GRIEGO PACK 4, QUESO CURADO CUÑA 250G, CEBOLLA KG, LECHUGA ICEBERG UD, PAN BARRA RUSTICA"
100304,cliente100304@email.com,personalizado,"QUESO RALLADO 200G, NATA COCINA 200ML, CACAO SOLUBLE 800G, CALDO POLLO PACK, ATUN CLARO PACK 3"
102354,cliente102354@email.com,personalizado,"SNACKS PERRO 200G, COMIDA GATO LATA PACK 6, PATATA KG, MANZANA GOLDEN KG, HARINA TRIGO 1KG"
100306,cliente100306@email.com,personalizado,"AZUCAR BLANCO 1KG, CAFE MOLIDO 250G, LECHE ENTERA BRIK 1L, REFRESCO COLA 2L, TOMATE FRITO 400G"
102356,cliente102356@email.com,personalizado,"YOGUR GRIEGO PACK 4, HUEVOS DOCENA M, LENTEJAS PARDINA 1KG, MACARRONES 500G, NACHOS 200G"
100311,cliente100311@email.com,personalizado,"CHUPETE PACK 2, POTITO VERDURA POLLO, PATATA KG, QUESO LONCHAS 200G, CREMA PAÑAL 100ML"
102359,cliente102359@email.com,personalizado,"PASTA ESPAGUETI 500G, PATATA KG, CACAO SOLUBLE 800G, TE VERDE 25 BOLSAS, TOMATE RAMA KG"
100313,cliente100313@email.com,personalizado,"CREMA HIDRATANTE 200ML, HUEVOS DOCENA M, MANTEQUILLA 250G, QUESO RALLADO 200G, ESPUMA AFEITAR 200ML"
100314,cliente100314@email.com,personalizado,"QUESO LONCHAS 200G, LECHE SEMIDESNATADA 1L, YOGUR GRIEGO PACK 4, MANZANA GOLDEN KG, PAÑALES T4 PACK 44"
102363,cliente102363@email.com,personalizado,"HUEVOS DOCENA M, GEL INTIMO 250ML, CREMA HIDRATANTE 200ML, QUESO CURADO CUÑA 250G, ZANAHORIA KG"
100316,cliente100316@email.com,personalizado,"LECHE INFANTIL CONTINUACION, CEBOLLA KG, PASTA ESPAGUETI 500G, MANZANA GOLDEN KG, TOMATE RAMA KG"
100317,cliente100317@email.com,personalizado,"TOMATE FRITO 400G, MANZANA GOLDEN KG, PAN BARRA RUSTICA, LECHUGA ICEBERG UD, ARROZ REDONDO 1KG"
102366,cliente102366@email.com,personalizado,"LECHE SEMIDESNATADA 1L, CEREALES DESAYUNO 500G, ARROZ REDONDO 1KG, NATA COCINA 200ML, CERVEZA ARTESANA 33CL"
102365,cliente102365@email.com,personalizado,"BEBIDA ENERGETICA 50CL, CHOCOLATE TABLETA 100G, REFRESCO NARANJA 2L, VINO TINTO CRIANZA, TORTILLA PATATA REFRIGERADA"
100315,cliente100315@email.com,personalizado,"QUESO LONCHAS 200G, PASTA ESPAGUETI 500G, MANZANA GOLDEN KG, PAN BARRA RUSTICA, PLATANO KG"
100319,cliente100319@email.com,personalizado,"CERVEZA ARTESANA 33CL, REFRESCO LIMON 2L, PIZZA CONGELADA 4 ESTACIONES, TONICA PACK 4, CERVEZA PACK 6"
100320,cliente100320@email.com,personalizado,"PAN BARRA RUSTICA, TOMATE RAMA KG, MANZANA GOLDEN KG, VINO BLANCO VERDEJO, QUESO RALLADO 200G"
102369,cliente102369@email.com,personalizado,"NACHOS 200G, VINO BLANCO VERDEJO, CERVEZA ARTESANA 33CL, TONICA PACK 4, AGUA MINERAL PACK 6"
102370,cliente102370@email.com,personalizado,"VINO BLANCO VERDEJO, CERVEZA ARTESANA 33CL, ACEITUNAS RELLENAS 350G, FRUTOS SECOS MIX 200G, PATATAS FRITAS BOLSA 150G"
100323,cliente100323@email.com,personalizado,"AGUA MINERAL PACK 6, ACEITUNAS RELLENAS 350G, NACHOS 200G, PATATAS FRITAS BOLSA 150G, TONICA PACK 4"
100324,cliente100324@email.com,personalizado,"TOMATE FRITO 400G, CEBOLLA KG, CAFE MOLIDO 250G, PATATA KG, MANZANA GOLDEN KG"
102372,cliente102372@email.com,personalizado,"LECHE ENTERA BRIK 1L, CAFE MOLIDO 250G, TOMATE FRITO 400G, GALLETAS MARIA 800G, CEBOLLA KG"
102375,cliente102375@email.com,personalizado,"ROLLO COCINA PACK 4, LIMPIACRISTALES 750ML, GEL INTIMO 250ML, DETERGENTE LIQUIDO 30 DOSIS, CEREALES DESAYUNO 500G"
102368,cliente102368@email.com,personalizado,"NATA COCINA 200ML, CEREALES DESAYUNO 500G, NARANJA KG, QUESO CURADO CUÑA 250G, SALMON FRESCO KG"
100329,cliente100329@email.com,personalizado,"REFRESCO COLA 2L, TOMATE RAMA KG, LECHUGA ICEBERG UD, HARINA TRIGO 1KG, ARROZ REDONDO 1KG"
100330,cliente100330@email.com,personalizado,"NACHOS 200G, GALLETAS CHOCOLATE 300G, TORTILLA PATATA REFRIGERADA, MARISCO CONGELADO 500G, CHICLES PACK 3"
100332,cliente100332@email.com,personalizado,"TOALLITAS BEBE PACK 3, PAÑALES T5 PACK 40, POTITO VERDURA POLLO, PAÑALES T4 PACK 44, QUESO LONCHAS 200G"
102380,cliente102380@email.com,personalizado,"VINO BLANCO VERDEJO, QUESO RALLADO 200G, YOGUR GRIEGO PACK 4, AGUA MINERAL PACK 6, NARANJA KG"
100333,cliente100333@email.com,personalizado,"PAN BARRA RUSTICA, AGUA MINERAL PACK 6, TOMATE RAMA KG, LECHUGA ICEBERG UD, YOGUR GRIEGO PACK 4"
100335,cliente100335@email.com,personalizado,"PAN BARRA RUSTICA, PASTA ESPAGUETI 500G, REFRESCO COLA 2L, TOMATE RAMA KG, LECHUGA ICEBERG UD"
100334,cliente100334@email.com,personalizado,"ARROZ REDONDO 1KG, MAQUINILLA AFEITAR PACK 4, ATUN CLARO PACK 3, LENTEJAS PARDINA 1KG, ESPUMA AFEITAR 200ML"
102383,cliente102383@email.com,personalizado,"REFRESCO COLA 2L, CEBOLLA KG, QUESO RALLADO 200G, PLATANO KG, LECHUGA ICEBERG UD"
100336,cliente100336@email.com,personalizado,"PASTA ESPAGUETI 500G, AZUCAR BLANCO 1KG, REFRESCO COLA 2L, TOMATE RAMA KG, MANZANA GOLDEN KG"
102385,cliente102385@email.com,personalizado,"PLATANO KG, FILETE TERNERA KG, SALMON FRESCO KG, NARANJA KG, MERLUZA FILETE KG"
100337,cliente100337@email.com,personalizado,"PATATAS FRITAS BOLSA 150G, WRAP POLLO PACK 2, CHOCOLATE TABLETA 100G, TORTILLA PATATA REFRIGERADA, CHICLES PACK 3"
100338,cliente100338@email.com,personalizado,"CAFE MOLIDO 250G, PAN BARRA RUSTICA, PATATA KG, MANZANA GOLDEN KG, LECHUGA ICEBERG UD"
100340,cliente100340@email.com,personalizado,"HARINA TRIGO 1KG, ARROZ REDONDO 1KG, LECHE ENTERA BRIK 1L, PASTA ESPAGUETI 500G, CEBOLLA KG"
100341,cliente100341@email.com,personalizado,"VINO BLANCO VERDEJO, LECHE SEMIDESNATADA 1L, QUESO RALLADO 200G, MERLUZA FILETE KG, NARANJA KG"
100342,cliente100342@email.com,personalizado,"MERLUZA FILETE KG, NARANJA KG, QUESO RALLADO 200G, PIMIENTO ROJO KG, CACAO SOLUBLE 800G"
102393,cliente102393@email.com,personalizado,"QUESO CURADO CUÑA 250G, PAN BARRA RUSTICA, PAÑALES T5 PACK 40, PATATA KG, LECHE ENTERA BRIK 1L"
100346,cliente100346@email.com,personalizado,"CEBOLLA KG, TOMATE FRITO 400G, LECHUGA ICEBERG UD, REFRESCO COLA 2L, GAMBA FRESCA KG"
102395,cliente102395@email.com,personalizado,"LECHUGA ICEBERG UD, PECHUGA POLLO BANDEJA, PAN BARRA RUSTICA, FILETE TERNERA KG, GAMBA FRESCA KG"
102397,cliente102397@email.com,personalizado,"PAPILLA CEREALES 600G, CHUPETE PACK 2, LECHE INFANTIL CONTINUACION, CEBOLLA KG, PATATA KG"
100350,cliente100350@email.com,personalizado,"REFRESCO COLA 2L, ARROZ REDONDO 1KG, PATATA KG, PAN BARRA RUSTICA, TOMATE RAMA KG"
102399,cliente102399@email.com,personalizado,"MANZANA GOLDEN KG, PIMIENTO ROJO KG, CEREALES DESAYUNO 500G, LECHE SEMIDESNATADA 1L, QUESO RALLADO 200G"
100872,cliente100872@email.com,cold_start,"MERMELADA FRESA 350G, AZUCAR BLANCO 1KG, CARNE PICADA MIXTA 500G, CAFE MOLIDO 250G, LECHE ENTERA BRIK 1L"
100380,cliente100380@email.com,cold_start,"MERMELADA FRESA 350G, AZUCAR BLANCO 1KG, CARNE PICADA MIXTA 500G, CAFE MOLIDO 250G, LECHE ENTERA BRIK 1L"
101920,cliente101920@email.com,cold_start,"MERMELADA FRESA 350G, AZUCAR BLANCO 1KG, CARNE PICADA MIXTA 500G, CAFE MOLIDO 250G, LECHE ENTERA BRIK 1L"
100388,cliente100388@email.com,cold_start,"MERMELADA FRESA 350G, AZUCAR BLANCO 1KG, CARNE PICADA MIXTA 500G, CAFE MOLIDO 250G, LECHE ENTERA BRIK 1L"
100394,cliente100394@email.com,cold_start,"MERMELADA FRESA 350G, AZUCAR BLANCO 1KG, CARNE PICADA MIXTA 500G, CAFE MOLIDO 250G, LECHE ENTERA BRIK 1L"
102444,cliente102444@email.com,cold_start,"MERMELADA FRESA 350G, AZUCAR BLANCO 1KG, CARNE PICADA MIXTA 500G, CAFE MOLIDO 250G, LECHE ENTERA BRIK 1L"
101934,cliente101934@email.com,cold_start,"MERMELADA FRESA 350G, AZUCAR BLANCO 1KG, CARNE PICADA MIXTA 500G, CAFE MOLIDO 250G, LECHE ENTERA BRIK 1L"
101947,cliente101947@email.com,cold_start,"MERMELADA FRESA 350G, AZUCAR BLANCO 1KG, CARNE PICADA MIXTA 500G, CAFE MOLIDO 250G, LECHE ENTERA BRIK 1L"
102472,cliente102472@email.com,cold_start,"MERMELADA FRESA 350G, AZUCAR BLANCO 1KG, CARNE PICADA MIXTA 500G, CAFE MOLIDO 250G, LECHE ENTERA BRIK 1L"
100424,cliente100424@email.com,cold_start,"MERMELADA FRESA 350G, AZUCAR BLANCO 1KG, CARNE PICADA MIXTA 500G, CAFE MOLIDO 250G, LECHE ENTERA BRIK 1L"
101961,cliente101961@email.com,cold_start,"MERMELADA FRESA 350G, AZUCAR BLANCO 1KG, CARNE PICADA MIXTA 500G, CAFE MOLIDO 250G, LECHE ENTERA BRIK 1L"
101452,cliente101452@email.com,cold_start,"MERMELADA FRESA 350G, AZUCAR BLANCO 1KG, CARNE PICADA MIXTA 500G, CAFE MOLIDO 250G, LECHE ENTERA BRIK 1L"
101965,cliente101965@email.com,cold_start,"MERMELADA FRESA 350G, AZUCAR BLANCO 1KG, CARNE PICADA MIXTA 500G, CAFE MOLIDO 250G, LECHE ENTERA BRIK 1L"
100440,cliente100440@email.com,cold_start,"MERMELADA FRESA 350G, AZUCAR BLANCO 1KG, CARNE PICADA MIXTA 500G, CAFE MOLIDO 250G, LECHE ENTERA BRIK 1L"
101979,cliente101979@email.com,cold_start,"MERMELADA FRESA 350G, AZUCAR BLANCO 1KG, CARNE PICADA MIXTA 500G, CAFE MOLIDO 250G, LECHE ENTERA BRIK 1L"
100446,cliente100446@email.com,cold_start,"MERMELADA FRESA 350G, AZUCAR BLANCO 1KG, CARNE PICADA MIXTA 500G, CAFE MOLIDO 250G, LECHE ENTERA BRIK 1L"
101499,cliente101499@email.com,cold_start,"MERMELADA FRESA 350G, AZUCAR BLANCO 1KG, CARNE PICADA MIXTA 500G, CAFE MOLIDO 250G, LECHE ENTERA BRIK 1L"
101502,cliente101502@email.com,cold_start,"MERMELADA FRESA 350G, AZUCAR BLANCO 1KG, CARNE PICADA MIXTA 500G, CAFE MOLIDO 250G, LECHE ENTERA BRIK 1L"
101512,cliente101512@email.com,cold_start,"MERMELADA FRESA 350G, AZUCAR BLANCO 1KG, CARNE PICADA MIXTA 500G, CAFE MOLIDO 250G, LECHE ENTERA BRIK 1L"
101015,cliente101015@email.com,cold_start,"MERMELADA FRESA 350G, AZUCAR BLANCO 1KG, CARNE PICADA MIXTA 500G, CAFE MOLIDO 250G, LECHE ENTERA BRIK 1L"
100524,cliente100524@email.com,cold_start,"MERMELADA FRESA 350G, AZUCAR BLANCO 1KG, CARNE PICADA MIXTA 500G, CAFE MOLIDO 250G, LECHE ENTERA BRIK 1L"
102062,cliente102062@email.com,cold_start,"MERMELADA FRESA 350G, AZUCAR BLANCO 1KG, CARNE PICADA MIXTA 500G, CAFE MOLIDO 250G, LECHE ENTERA BRIK 1L"
101551,cliente101551@email.com,cold_start,"MERMELADA FRESA 350G, AZUCAR BLANCO 1KG, CARNE PICADA MIXTA 500G, CAFE MOLIDO 250G, LECHE ENTERA BRIK 1L"
100017,cliente100017@email.com,cold_start,"MERMELADA FRESA 350G, AZUCAR BLANCO 1KG, CARNE PICADA MIXTA 500G, CAFE MOLIDO 250G, LECHE ENTERA BRIK 1L"
102071,cliente102071@email.com,cold_start,"MERMELADA FRESA 350G, AZUCAR BLANCO 1KG, CARNE PICADA MIXTA 500G, CAFE MOLIDO 250G, LECHE ENTERA BRIK 1L"
101050,cliente101050@email.com,cold_start,"MERMELADA FRESA 350G, AZUCAR BLANCO 1KG, CARNE PICADA MIXTA 500G, CAFE MOLIDO 250G, LECHE ENTERA BRIK 1L"
102075,cliente102075@email.com,cold_start,"MERMELADA FRESA 350G, AZUCAR BLANCO 1KG, CARNE PICADA MIXTA 500G, CAFE MOLIDO 250G, LECHE ENTERA BRIK 1L"
101053,cliente101053@email.com,cold_start,"MERMELADA FRESA 350G, AZUCAR BLANCO 1KG, CARNE PICADA MIXTA 500G, CAFE MOLIDO 250G, LECHE ENTERA BRIK 1L"
101568,cliente101568@email.com,cold_start,"MERMELADA FRESA 350G, AZUCAR BLANCO 1KG, CARNE PICADA MIXTA 500G, CAFE MOLIDO 250G, LECHE ENTERA BRIK 1L"
102080,cliente102080@email.com,cold_start,"MERMELADA FRESA 350G, AZUCAR BLANCO 1KG, CARNE PICADA MIXTA 500G, CAFE MOLIDO 250G, LECHE ENTERA BRIK 1L"
101577,cliente101577@email.com,cold_start,"MERMELADA FRESA 350G, AZUCAR BLANCO 1KG, CARNE PICADA MIXTA 500G, CAFE MOLIDO 250G, LECHE ENTERA BRIK 1L"
100049,cliente100049@email.com,cold_start,"MERMELADA FRESA 350G, AZUCAR BLANCO 1KG, CARNE PICADA MIXTA 500G, CAFE MOLIDO 250G, LECHE ENTERA BRIK 1L"
100055,cliente100055@email.com,cold_start,"MERMELADA FRESA 350G, AZUCAR BLANCO 1KG, CARNE PICADA MIXTA 500G, CAFE MOLIDO 250G, LECHE ENTERA BRIK 1L"
102105,cliente102105@email.com,cold_start,"MERMELADA FRESA 350G, AZUCAR BLANCO 1KG, CARNE PICADA MIXTA 500G, CAFE MOLIDO 250G, LECHE ENTERA BRIK 1L"
101087,cliente101087@email.com,cold_start,"MERMELADA FRESA 350G, AZUCAR BLANCO 1KG, CARNE PICADA MIXTA 500G, CAFE MOLIDO 250G, LECHE ENTERA BRIK 1L"
101609,cliente101609@email.com,cold_start,"MERMELADA FRESA 350G, AZUCAR BLANCO 1KG, CARNE PICADA MIXTA 500G, CAFE MOLIDO 250G, LECHE ENTERA BRIK 1L"
100074,cliente100074@email.com,cold_start,"MERMELADA FRESA 350G, AZUCAR BLANCO 1KG, CARNE PICADA MIXTA 500G, CAFE MOLIDO 250G, LECHE ENTERA BRIK 1L"
101620,cliente101620@email.com,cold_start,"MERMELADA FRESA 350G, AZUCAR BLANCO 1KG, CARNE PICADA MIXTA 500G, CAFE MOLIDO 250G, LECHE ENTERA BRIK 1L"
101628,cliente101628@email.com,cold_start,"MERMELADA FRESA 350G, AZUCAR BLANCO 1KG, CARNE PICADA MIXTA 500G, CAFE MOLIDO 250G, LECHE ENTERA BRIK 1L"
100099,cliente100099@email.com,cold_start,"MERMELADA FRESA 350G, AZUCAR BLANCO 1KG, CARNE PICADA MIXTA 500G, CAFE MOLIDO 250G, LECHE ENTERA BRIK 1L"
100614,cliente100614@email.com,cold_start,"MERMELADA FRESA 350G, AZUCAR BLANCO 1KG, CARNE PICADA MIXTA 500G, CAFE MOLIDO 250G, LECHE ENTERA BRIK 1L"
102152,cliente102152@email.com,cold_start,"MERMELADA FRESA 350G, AZUCAR BLANCO 1KG, CARNE PICADA MIXTA 500G, CAFE MOLIDO 250G, LECHE ENTERA BRIK 1L"
100631,cliente100631@email.com,cold_start,"MERMELADA FRESA 350G, AZUCAR BLANCO 1KG, CARNE PICADA MIXTA 500G, CAFE MOLIDO 250G, LECHE ENTERA BRIK 1L"
102171,cliente102171@email.com,cold_start,"MERMELADA FRESA 350G, AZUCAR BLANCO 1KG, CARNE PICADA MIXTA 500G, CAFE MOLIDO 250G, LECHE ENTERA BRIK 1L"
101157,cliente101157@email.com,cold_start,"MERMELADA FRESA 350G, AZUCAR BLANCO 1KG, CARNE PICADA MIXTA 500G, CAFE MOLIDO 250G, LECHE ENTERA BRIK 1L"
100140,cliente100140@email.com,cold_start,"MERMELADA FRESA 350G, AZUCAR BLANCO 1KG, CARNE PICADA MIXTA 500G, CAFE MOLIDO 250G, LECHE ENTERA BRIK 1L"
100659,cliente100659@email.com,cold_start,"MERMELADA FRESA 350G, AZUCAR BLANCO 1KG, CARNE PICADA MIXTA 500G, CAFE MOLIDO 250G, LECHE ENTERA BRIK 1L"
101691,cliente101691@email.com,cold_start,"MERMELADA FRESA 350G, AZUCAR BLANCO 1KG, CARNE PICADA MIXTA 500G, CAFE MOLIDO 250G, LECHE ENTERA BRIK 1L"
102210,cliente102210@email.com,cold_start,"MERMELADA FRESA 350G, AZUCAR BLANCO 1KG, CARNE PICADA MIXTA 500G, CAFE MOLIDO 250G, LECHE ENTERA BRIK 1L"
101705,cliente101705@email.com,cold_start,"MERMELADA FRESA 350G, AZUCAR BLANCO 1KG, CARNE PICADA MIXTA 500G, CAFE MOLIDO 250G, LECHE ENTERA BRIK 1L"
100175,cliente100175@email.com,cold_start,"MERMELADA FRESA 350G, AZUCAR BLANCO 1KG, CARNE PICADA MIXTA 500G, CAFE MOLIDO 250G, LECHE ENTERA BRIK 1L"
100176,cliente100176@email.com,cold_start,"MERMELADA FRESA 350G, AZUCAR BLANCO 1KG, CARNE PICADA MIXTA 500G, CAFE MOLIDO 250G, LECHE ENTERA BRIK 1L"
100689,cliente100689@email.com,cold_start,"MERMELADA FRESA 350G, AZUCAR BLANCO 1KG, CARNE PICADA MIXTA 500G, CAFE MOLIDO 250G, LECHE ENTERA BRIK 1L"
100694,cliente100694@email.com,cold_start,"MERMELADA FRESA 350G, AZUCAR BLANCO 1KG, CARNE PICADA MIXTA 500G, CAFE MOLIDO 250G, LECHE ENTERA BRIK 1L"
101726,cliente101726@email.com,cold_start,"MERMELADA FRESA 350G, AZUCAR BLANCO 1KG, CARNE PICADA MIXTA 500G, CAFE MOLIDO 250G, LECHE ENTERA BRIK 1L"
101215,cliente101215@email.com,cold_start,"MERMELADA FRESA 350G, AZUCAR BLANCO 1KG, CARNE PICADA MIXTA 500G, CAFE MOLIDO 250G, LECHE ENTERA BRIK 1L"
100194,cliente100194@email.com,cold_start,"MERMELADA FRESA 350G, AZUCAR BLANCO 1KG, CARNE PICADA MIXTA 500G, CAFE MOLIDO 250G, LECHE ENTERA BRIK 1L"
100708,cliente100708@email.com,cold_start,"MERMELADA FRESA 350G, AZUCAR BLANCO 1KG, CARNE PICADA MIXTA 500G, CAFE MOLIDO 250G, LECHE ENTERA BRIK 1L"
102244,cliente102244@email.com,cold_start,"MERMELADA FRESA 350G, AZUCAR BLANCO 1KG, CARNE PICADA MIXTA 500G, CAFE MOLIDO 250G, LECHE ENTERA BRIK 1L"
102245,cliente102245@email.com,cold_start,"MERMELADA FRESA 350G, AZUCAR BLANCO 1KG, CARNE PICADA MIXTA 500G, CAFE MOLIDO 250G, LECHE ENTERA BRIK 1L"
101225,cliente101225@email.com,cold_start,"MERMELADA FRESA 350G, AZUCAR BLANCO 1KG, CARNE PICADA MIXTA 500G, CAFE MOLIDO 250G, LECHE ENTERA BRIK 1L"
101768,cliente101768@email.com,cold_start,"MERMELADA FRESA 350G, AZUCAR BLANCO 1KG, CARNE PICADA MIXTA 500G, CAFE MOLIDO 250G, LECHE ENTERA BRIK 1L"
100747,cliente100747@email.com,cold_start,"MERMELADA FRESA 350G, AZUCAR BLANCO 1KG, CARNE PICADA MIXTA 500G, CAFE MOLIDO 250G, LECHE ENTERA BRIK 1L"
101269,cliente101269@email.com,cold_start,"MERMELADA FRESA 350G, AZUCAR BLANCO 1KG, CARNE PICADA MIXTA 500G, CAFE MOLIDO 250G, LECHE ENTERA BRIK 1L"
100253,cliente100253@email.com,cold_start,"MERMELADA FRESA 350G, AZUCAR BLANCO 1KG, CARNE PICADA MIXTA 500G, CAFE MOLIDO 250G, LECHE ENTERA BRIK 1L"
100766,cliente100766@email.com,cold_start,"MERMELADA FRESA 350G, AZUCAR BLANCO 1KG, CARNE PICADA MIXTA 500G, CAFE MOLIDO 250G, LECHE ENTERA BRIK 1L"
102302,cliente102302@email.com,cold_start,"MERMELADA FRESA 350G, AZUCAR BLANCO 1KG, CARNE PICADA MIXTA 500G, CAFE MOLIDO 250G, LECHE ENTERA BRIK 1L"
100775,cliente100775@email.com,cold_start,"MERMELADA FRESA 350G, AZUCAR BLANCO 1KG, CARNE PICADA MIXTA 500G, CAFE MOLIDO 250G, LECHE ENTERA BRIK 1L"
102313,cliente102313@email.com,cold_start,"MERMELADA FRESA 350G, AZUCAR BLANCO 1KG, CARNE PICADA MIXTA 500G, CAFE MOLIDO 250G, LECHE ENTERA BRIK 1L"
100796,cliente100796@email.com,cold_start,"MERMELADA FRESA 350G, AZUCAR BLANCO 1KG, CARNE PICADA MIXTA 500G, CAFE MOLIDO 250G, LECHE ENTERA BRIK 1L"
100798,cliente100798@email.com,cold_start,"MERMELADA FRESA 350G, AZUCAR BLANCO 1KG, CARNE PICADA MIXTA 500G, CAFE MOLIDO 250G, LECHE ENTERA BRIK 1L"
101829,cliente101829@email.com,cold_start,"MERMELADA FRESA 350G, AZUCAR BLANCO 1KG, CARNE PICADA MIXTA 500G, CAFE MOLIDO 250G, LECHE ENTERA BRIK 1L"
102347,cliente102347@email.com,cold_start,"MERMELADA FRESA 350G, AZUCAR BLANCO 1KG, CARNE PICADA MIXTA 500G, CAFE MOLIDO 250G, LECHE ENTERA BRIK 1L"
100302,cliente100302@email.com,cold_start,"MERMELADA FRESA 350G, AZUCAR BLANCO 1KG, CARNE PICADA MIXTA 500G, CAFE MOLIDO 250G, LECHE ENTERA BRIK 1L"
102353,cliente102353@email.com,cold_start,"MERMELADA FRESA 350G, AZUCAR BLANCO 1KG, CARNE PICADA MIXTA 500G, CAFE MOLIDO 250G, LECHE ENTERA BRIK 1L"
102357,cliente102357@email.com,cold_start,"MERMELADA FRESA 350G, AZUCAR BLANCO 1KG, CARNE PICADA MIXTA 500G, CAFE MOLIDO 250G, LECHE ENTERA BRIK 1L"
101334,cliente101334@email.com,cold_start,"MERMELADA FRESA 350G, AZUCAR BLANCO 1KG, CARNE PICADA MIXTA 500G, CAFE MOLIDO 250G, LECHE ENTERA BRIK 1L"
101846,cliente101846@email.com,cold_start,"MERMELADA FRESA 350G, AZUCAR BLANCO 1KG, CARNE PICADA MIXTA 500G, CAFE MOLIDO 250G, LECHE ENTERA BRIK 1L"
101849,cliente101849@email.com,cold_start,"MERMELADA FRESA 350G, AZUCAR BLANCO 1KG, CARNE PICADA MIXTA 500G, CAFE MOLIDO 250G, LECHE ENTERA BRIK 1L"
100826,cliente100826@email.com,cold_start,"MERMELADA FRESA 350G, AZUCAR BLANCO 1KG, CARNE PICADA MIXTA 500G, CAFE MOLIDO 250G, LECHE ENTERA BRIK 1L"
101343,cliente101343@email.com,cold_start,"MERMELADA FRESA 350G, AZUCAR BLANCO 1KG, CARNE PICADA MIXTA 500G, CAFE MOLIDO 250G, LECHE ENTERA BRIK 1L"
101349,cliente101349@email.com,cold_start,"MERMELADA FRESA 350G, AZUCAR BLANCO 1KG, CARNE PICADA MIXTA 500G, CAFE MOLIDO 250G, LECHE ENTERA BRIK 1L"
102374,cliente102374@email.com,cold_start,"MERMELADA FRESA 350G, AZUCAR BLANCO 1KG, CARNE PICADA MIXTA 500G, CAFE MOLIDO 250G, LECHE ENTERA BRIK 1L"
102378,cliente102378@email.com,cold_start,"MERMELADA FRESA 350G, AZUCAR BLANCO 1KG, CARNE PICADA MIXTA 500G, CAFE MOLIDO 250G, LECHE ENTERA BRIK 1L"
102394,cliente102394@email.com,cold_start,"MERMELADA FRESA 350G, AZUCAR BLANCO 1KG, CARNE PICADA MIXTA 500G, CAFE MOLIDO 250G, LECHE ENTERA BRIK 1L"
